,Цена,Бренд,Тип наушников,"Минимальная воспроизводимая частота, Гц","Максимальная воспроизводимая частота, кГц",Цвет,Вид наушников,Тип акустического оформления,Чехол/футляр в комплекте,"Вес, г","Гарантия, мес","Срок службы, мес",Страна производства,Встроенный микрофон,Быстрая зарядка,Беспроводная зарядка,Складная конструкция
0,343990.0,other,проводные,5.0,20.0,other,вставные,закрытые,да,17.0,12.0,24.0,США,нет,нет,нет,нет
1,13490.0,other,проводные,20.0,35.0,черный,полноразмерные,закрытые,нет,315.0,12.0,24.0,не указано,нет,нет,нет,нет
3,19890.0,other,проводные,10.0,45.0,other,вставные,закрытые,да,0.0,12.0,24.0,Китай,нет,нет,нет,нет
5,349990.0,other,проводные,6.0,26.0,не указано,полноразмерные,открытые,да,390.0,12.0,24.0,США,нет,нет,нет,нет
6,890.0,other,проводные,20.0,20.0,other,вставные,закрытые,нет,15.0,12.0,24.0,не указано,да,нет,нет,нет
7,33390.0,other,беспроводные,20.0,20.0,не указано,вставные,закрытые,да,50.0,12.0,24.0,Китай,да,да,да,нет
8,14000.0,other,проводные,20.0,20.0,черный,вставные,закрытые,да,6.0,12.0,24.0,не указано,да,нет,нет,нет
9,2290.0,other,проводные,5.0,45.0,other,вставные,закрытые,да,7.0,12.0,24.0,Китай,да,нет,нет,нет
10,180000.0,other,беспроводные,10.0,40.0,черный,полноразмерные,закрытые,да,375.0,12.0,24.0,other,да,да,нет,нет
11,369990.0,other,проводные,20.0,20.0,черный,полноразмерные,закрытые,да,437.0,12.0,24.0,other,нет,нет,нет,нет
12,9290.0,other,проводные,5.0,40.0,other,вставные,закрытые,да,17.0,12.0,24.0,Китай,нет,нет,нет,нет
15,93590.0,other,проводные,5.0,30.0,не указано,полноразмерные,открытые,да,375.0,12.0,24.0,не указано,нет,нет,нет,да
16,3990.0,other,проводные,20.0,20.0,черный,вставные,закрытые,да,10.0,12.0,24.0,Китай,нет,нет,нет,нет
17,171000.0,other,проводные,10.0,50.0,черный,полноразмерные,открытые,да,612.0,12.0,24.0,США,нет,нет,нет,нет
19,13890.0,other,проводные,20.0,18.0,other,вставные,закрытые,да,20.0,24.0,36.0,не указано,нет,нет,нет,нет
20,3690.0,other,проводные,10.0,36.0,черный,полноразмерные,полуоткрытые,да,0.0,12.0,24.0,Китай,нет,нет,нет,нет
21,34890.0,other,беспроводные,20.0,20.0,не указано,вставные,закрытые,да,50.0,12.0,24.0,Китай,да,да,да,нет
22,3590.0,other,беспроводные,20.0,20.0,белый,вставные,закрытые,да,10.0,12.0,24.0,Китай,да,нет,да,нет
23,42890.0,other,проводные,10.0,40.0,черный,вставные,полуоткрытые,да,9.0,12.0,24.0,не указано,нет,нет,нет,нет
24,4390.0,other,проводные,8.0,42.0,черный,вставные,закрытые,да,20.0,12.0,24.0,Китай,нет,нет,нет,нет
25,14990.0,other,проводные,12.0,24.0,other,вставные,закрытые,да,10.0,12.0,24.0,Китай,нет,нет,нет,нет
26,4190.0,other,проводные,20.0,40.0,не указано,полноразмерные,закрытые,да,290.0,12.0,24.0,Китай,да,нет,нет,нет
27,64990.0,other,проводные,20.0,28.0,other,вставные,закрытые,да,0.0,36.0,48.0,other,нет,нет,нет,нет
28,9990.0,other,беспроводные,20.0,20.0,other,полноразмерные,закрытые,да,760.0,12.0,24.0,other,да,нет,нет,да
30,33390.0,other,беспроводные,20.0,20.0,не указано,вставные,закрытые,да,50.0,12.0,24.0,Китай,да,да,да,нет
32,24890.0,other,проводные,10.0,39.8,не указано,полноразмерные,открытые,нет,235.0,12.0,24.0,не указано,нет,нет,нет,нет
34,105190.0,other,проводные,10.0,50.0,other,вставные,закрытые,да,0.0,12.0,24.0,Китай,нет,нет,нет,нет
35,4190.0,other,беспроводные,20.0,20.0,other,накладные,закрытые,нет,160.0,12.0,24.0,не указано,да,да,нет,да
37,109990.0,other,беспроводные,10.0,30.0,не указано,полноразмерные,закрытые,да,320.0,12.0,24.0,не указано,да,да,нет,да
38,13990.0,other,беспроводные,20.0,20.0,other,накладные,открытые,да,35.0,12.0,24.0,Китай,да,да,нет,нет
39,89990.0,other,проводные,20.0,20.0,не указано,полноразмерные,открытые,да,328.0,24.0,36.0,США,нет,нет,нет,да
40,4290.0,other,проводные,20.0,20.0,other,вставные,закрытые,нет,10.0,12.0,24.0,не указано,нет,нет,нет,нет
41,5290.0,other,проводные,10.0,50.0,other,вставные,закрытые,да,7.0,12.0,24.0,Китай,нет,нет,нет,нет
42,159990.0,other,проводные,10.0,25.0,не указано,полноразмерные,открытые,да,445.0,12.0,24.0,США,нет,нет,нет,нет
43,32990.0,other,беспроводные,10.0,50.0,не указано,полноразмерные,закрытые,нет,490.0,12.0,24.0,не указано,да,да,нет,нет
44,6490.0,other,беспроводные,20.0,20.0,черный,полноразмерные,закрытые,да,0.0,12.0,24.0,не указано,да,да,нет,нет
45,4690.0,other,беспроводные,20.0,20.0,черный,полноразмерные,закрытые,да,250.0,12.0,24.0,не указано,да,да,нет,нет
46,74990.0,other,проводные,20.0,18.0,other,вставные,закрытые,да,0.0,12.0,24.0,США,нет,нет,нет,нет
48,34990.0,other,беспроводные,20.0,40.0,черный,вставные,закрытые,да,0.0,12.0,24.0,Китай,да,да,да,нет
49,20390.0,other,проводные,20.0,40.0,черный,вставные,закрытые,да,35.0,12.0,24.0,Китай,нет,нет,нет,нет
50,22400.0,other,беспроводные,20.0,20.0,черный,накладные,открытые,нет,33.0,12.0,24.0,Китай,да,да,нет,нет
51,3700.0,other,беспроводные,20.0,20.0,черный,вставные,закрытые,да,102.0,12.0,24.0,не указано,да,да,нет,нет
52,24990.0,other,проводные,20.0,23.0,other,вставные,закрытые,да,0.0,36.0,48.0,other,нет,нет,нет,нет
53,29990.0,other,беспроводные,20.0,20.0,other,вставные,закрытые,да,7.0,12.0,24.0,other,да,да,нет,нет
54,49990.0,other,беспроводные,20.0,20.0,other,вставные,закрытые,да,7.0,12.0,24.0,other,да,да,нет,нет
55,1590.0,other,проводные,20.0,20.0,other,вставные,закрытые,нет,0.0,12.0,24.0,Китай,нет,нет,нет,нет
56,289990.0,other,проводные,10.0,20.0,не указано,вставные,закрытые,да,0.0,12.0,24.0,США,нет,нет,нет,нет
57,26990.0,other,проводные,5.0,35.0,не указано,полноразмерные,полуоткрытые,да,290.0,12.0,24.0,не указано,нет,нет,нет,нет
58,349900.0,other,проводные,33.0,30.0,не указано,полноразмерные,открытые,да,425.0,60.0,72.0,other,нет,нет,нет,нет
60,23800.0,other,беспроводные,20.0,20.0,не указано,накладные,открытые,нет,33.0,12.0,24.0,Китай,да,да,нет,нет
61,36430.0,other,проводные,20.0,20.0,other,вставные,закрытые,да,0.0,12.0,24.0,Китай,нет,нет,нет,нет
62,14990.0,other,беспроводные,20.0,20.0,other,вставные,закрытые,да,0.0,12.0,24.0,не указано,да,да,нет,нет
63,27090.0,other,проводные,40.0,5.0,не указано,вставные,закрытые,да,20.0,12.0,24.0,Китай,нет,нет,нет,нет
65,1790.0,other,проводные,20.0,20.0,other,вставные,закрытые,нет,0.0,12.0,24.0,Китай,да,нет,нет,нет
66,4190.0,other,беспроводные,20.0,20.0,черный,накладные,открытые,да,9.5,12.0,24.0,Китай,да,нет,нет,нет
67,780000.0,other,проводные,5.0,54.0,не указано,полноразмерные,открытые,да,530.0,12.0,24.0,не указано,нет,нет,нет,нет
69,40990.0,other,беспроводные,20.0,20.0,не указано,вставные,закрытые,да,50.0,12.0,24.0,Китай,да,да,да,нет
70,6190.0,other,беспроводные,20.0,20.0,other,вставные,закрытые,да,18.0,12.0,24.0,не указано,да,да,да,нет
71,28790.0,other,беспроводные,20.0,20.0,other,вставные,закрытые,да,50.0,12.0,24.0,Китай,да,да,да,нет
72,39990.0,other,беспроводные,20.0,20.0,other,полноразмерные,закрытые,да,307.0,12.0,24.0,other,да,да,нет,да
73,7490.0,other,беспроводные,20.0,20.0,other,полноразмерные,закрытые,да,246.0,12.0,24.0,Китай,да,да,нет,да
75,44000.0,other,беспроводные,20.0,20.0,other,полноразмерные,закрытые,да,309.0,12.0,24.0,other,да,да,нет,да
77,18990.0,other,проводные,20.0,22.0,other,вставные,закрытые,да,0.0,36.0,48.0,other,нет,нет,нет,нет
79,9990.0,other,беспроводные,20.0,20.0,other,вставные,закрытые,да,14.0,12.0,24.0,Китай,да,да,нет,нет
80,26990.0,other,беспроводные,20.0,20.0,черный,вставные,закрытые,да,0.0,12.0,24.0,Китай,да,да,нет,нет
81,24990.0,other,проводные,20.0,16.0,черный,вставные,закрытые,да,0.0,12.0,24.0,не указано,нет,нет,нет,нет
82,129990.0,other,проводные,50.0,5.0,не указано,вставные,закрытые,да,5.5,12.0,24.0,Китай,нет,нет,нет,нет
83,34890.0,other,беспроводные,20.0,20.0,не указано,вставные,закрытые,да,50.0,12.0,24.0,Китай,да,да,да,нет
84,154990.0,other,проводные,10.0,20.0,не указано,вставные,закрытые,да,0.0,12.0,24.0,США,нет,нет,нет,нет
85,179990.0,other,проводные,5.0,50.0,не указано,полноразмерные,закрытые,да,360.0,12.0,24.0,не указано,нет,нет,нет,нет
86,3490.0,other,беспроводные,20.0,20.0,черный,накладные,открытые,да,10.0,12.0,24.0,Китай,да,нет,нет,нет
87,5990.0,other,беспроводные,20.0,20.0,черный,полноразмерные,закрытые,нет,220.0,12.0,24.0,не указано,да,да,нет,да
88,79990.0,other,проводные,20.0,23.0,не указано,вставные,закрытые,да,0.0,12.0,24.0,Китай,нет,нет,нет,нет
89,21390.0,other,беспроводные,20.0,20.0,other,вставные,закрытые,да,46.5,12.0,24.0,не указано,да,да,да,нет
96,7990.0,other,беспроводные,20.0,20.0,черный,вставные,закрытые,да,48.0,12.0,24.0,не указано,да,да,да,нет
97,32490.0,other,беспроводные,20.0,20.0,черный,вставные,полуоткрытые,да,10.0,12.0,24.0,Китай,да,да,нет,нет
98,5690.0,other,беспроводные,20.0,20.0,белый,вставные,закрытые,да,36.0,12.0,24.0,other,да,да,нет,нет
99,275000.0,other,проводные,10.0,50.0,не указано,полноразмерные,открытые,да,635.0,12.0,24.0,не указано,нет,нет,нет,нет
100,34990.0,other,проводные,20.0,40.0,other,полноразмерные,открытые,да,318.0,12.0,24.0,Китай,нет,нет,нет,нет
101,79990.0,other,беспроводные,15.0,22.0,не указано,полноразмерные,закрытые,да,350.0,12.0,24.0,other,да,да,нет,да
102,6090.0,other,проводные,15.0,25.0,черный,накладные,закрытые,нет,79.0,12.0,24.0,Китай,нет,нет,нет,да
103,7990.0,other,беспроводные,20.0,20.0,other,накладные,открытые,да,10.0,12.0,24.0,Китай,да,нет,нет,нет
105,1190.0,other,проводные,20.0,40.0,черный,вставные,закрытые,нет,4.0,2.0,24.0,Китай,да,нет,нет,нет
106,49990.0,other,проводные,5.0,40.0,не указано,полноразмерные,закрытые,да,385.0,12.0,24.0,не указано,нет,нет,нет,да
107,5890.0,other,беспроводные,20.0,40.0,черный,полноразмерные,закрытые,нет,250.0,12.0,24.0,Китай,да,да,нет,нет
111,189900.0,other,проводные,20.0,20.0,other,вставные,закрытые,нет,0.0,12.0,24.0,США,нет,нет,нет,нет
112,3190.0,other,беспроводные,20.0,20.0,черный,накладные,открытые,да,12.0,12.0,24.0,Китай,да,да,нет,нет
113,7990.0,other,беспроводные,20.0,20.0,белый,вставные,закрытые,да,0.0,12.0,24.0,Китай,да,да,нет,нет
114,2790.0,other,проводные,20.0,20.0,белый,вставные,закрытые,да,0.0,12.0,24.0,не указано,да,нет,нет,нет
116,34890.0,other,беспроводные,20.0,20.0,не указано,вставные,закрытые,да,50.0,12.0,24.0,Китай,да,да,да,нет
117,31490.0,other,проводные,20.0,20.0,other,вставные,закрытые,да,0.0,12.0,24.0,Китай,нет,нет,нет,нет
118,3490.0,other,беспроводные,20.0,20.0,черный,вставные,закрытые,да,40.0,12.0,24.0,не указано,да,нет,нет,нет
119,32990.0,other,беспроводные,20.0,20.0,белый,вставные,закрытые,да,50.0,12.0,24.0,Китай,да,да,да,нет
120,79990.0,other,беспроводные,20.0,20.0,черный,полноразмерные,закрытые,да,384.0,12.0,24.0,США,да,да,нет,да
121,299990.0,other,проводные,20.0,70.0,черный,вставные,закрытые,да,10.0,12.0,24.0,США,нет,нет,нет,нет
123,22850.0,other,беспроводные,15.0,28.0,черный,полноразмерные,закрытые,да,307.0,12.0,24.0,не указано,да,да,нет,да
124,89990.0,other,проводные,5.0,50.0,черный,вставные,закрытые,да,0.0,12.0,24.0,Китай,нет,нет,нет,нет
125,7990.0,other,беспроводные,20.0,20.0,other,вставные,закрытые,да,0.0,12.0,24.0,Китай,да,да,нет,нет
126,24790.0,other,беспроводные,20.0,20.0,other,вставные,закрытые,да,0.0,12.0,24.0,Китай,да,нет,нет,нет
128,2890.0,other,проводные,20.0,40.0,не указано,полноразмерные,закрытые,да,232.0,12.0,24.0,Китай,нет,нет,нет,нет
129,7990.0,other,беспроводные,20.0,20.0,черный,вставные,закрытые,да,0.0,12.0,24.0,Китай,да,да,нет,нет
131,74990.0,other,проводные,5.0,55.0,не указано,полноразмерные,закрытые,нет,385.0,12.0,24.0,other,нет,нет,нет,нет
133,49790.0,other,беспроводные,20.0,20.0,белый,полноразмерные,закрытые,да,240.0,12.0,24.0,США,да,да,нет,да
134,17990.0,other,проводные,10.0,28.0,черный,полноразмерные,закрытые,нет,300.0,24.0,36.0,не указано,да,нет,нет,нет
135,33390.0,other,беспроводные,20.0,20.0,не указано,вставные,закрытые,да,50.0,12.0,24.0,Китай,да,да,да,нет
136,34890.0,other,беспроводные,20.0,20.0,не указано,вставные,закрытые,да,50.0,12.0,24.0,Китай,да,да,да,нет
138,229990.0,other,проводные,20.0,20.0,черный,полноразмерные,открытые,да,290.0,24.0,36.0,США,нет,нет,нет,нет
139,2990.0,other,проводные,20.0,20.0,черный,вставные,закрытые,нет,35.0,12.0,24.0,не указано,да,нет,нет,нет
140,59990.0,other,проводные,20.0,20.0,не указано,вставные,закрытые,да,36.0,12.0,24.0,other,нет,нет,нет,нет
142,14990.0,other,беспроводные,20.0,20.0,other,вставные,закрытые,да,0.0,12.0,24.0,не указано,да,да,нет,нет
143,64990.0,other,беспроводные,20.0,20.0,черный,вставные,закрытые,да,0.0,12.0,24.0,Китай,нет,да,нет,нет
144,27390.0,other,проводные,10.0,50.0,other,вставные,закрытые,да,7.0,12.0,24.0,Китай,нет,нет,нет,нет
145,9990.0,other,беспроводные,20.0,20.0,other,полноразмерные,закрытые,да,760.0,12.0,24.0,other,да,нет,нет,да
146,6490.0,other,беспроводные,20.0,20.0,other,полноразмерные,закрытые,да,250.0,12.0,24.0,Китай,да,нет,нет,нет
147,5690.0,other,беспроводные,20.0,20.0,other,вставные,закрытые,да,36.0,12.0,24.0,other,да,да,нет,нет
148,8450.0,other,беспроводные,20.0,20.0,other,накладные,открытые,да,11.0,12.0,24.0,Китай,да,да,нет,нет
151,18990.0,other,беспроводные,20.0,20.0,черный,вставные,закрытые,да,6.4,12.0,24.0,Китай,да,нет,нет,нет
153,34890.0,other,беспроводные,20.0,20.0,не указано,вставные,закрытые,да,50.0,12.0,24.0,Китай,да,да,да,нет
154,30190.0,other,беспроводные,20.0,20.0,other,вставные,закрытые,да,50.0,12.0,24.0,Китай,да,да,да,нет
156,1990.0,other,беспроводные,20.0,20.0,other,вставные,закрытые,да,6.4,12.0,24.0,Китай,да,нет,нет,нет
157,2690.0,other,проводные,20.0,40.0,other,полноразмерные,закрытые,да,300.0,12.0,24.0,Китай,нет,нет,нет,нет
158,7990.0,other,проводные,15.0,30.0,черный,полноразмерные,закрытые,да,355.0,12.0,24.0,Китай,нет,нет,нет,нет
159,13990.0,other,беспроводные,20.0,20.0,черный,полноразмерные,закрытые,нет,282.0,12.0,24.0,Китай,да,да,нет,нет
160,299990.0,other,проводные,10.0,30.0,other,полноразмерные,открытые,да,360.0,12.0,24.0,США,нет,нет,нет,нет
161,39900.0,other,беспроводные,20.0,20.0,черный,накладные,закрытые,да,330.0,12.0,24.0,Китай,да,да,нет,нет
163,3390.0,other,проводные,30.0,20.0,черный,полноразмерные,закрытые,да,283.0,12.0,24.0,не указано,нет,нет,нет,нет
164,1990.0,other,проводные,12.0,22.0,белый,накладные,закрытые,нет,120.0,12.0,24.0,не указано,да,нет,нет,да
165,1590.0,other,проводные,20.0,20.0,не указано,вставные,закрытые,нет,20.0,12.0,24.0,не указано,да,нет,нет,нет
169,28090.0,other,беспроводные,20.0,20.0,не указано,вставные,закрытые,да,0.0,12.0,24.0,Китай,да,да,да,нет
170,40990.0,other,беспроводные,20.0,20.0,other,вставные,закрытые,да,0.0,12.0,24.0,Китай,да,да,нет,нет
171,3490.0,other,беспроводные,20.0,20.0,белый,вставные,открытые,да,5.2,12.0,24.0,Китай,да,да,нет,нет
174,11990.0,other,проводные,12.0,25.0,черный,полноразмерные,закрытые,да,280.0,12.0,24.0,other,нет,нет,нет,нет
175,54990.0,other,проводные,20.0,20.0,черный,вставные,закрытые,да,7.0,12.0,24.0,США,нет,нет,нет,нет
176,9990.0,other,беспроводные,20.0,20.0,черный,вставные,закрытые,да,14.0,12.0,24.0,Китай,да,да,нет,нет
177,2990.0,other,беспроводные,20.0,20.0,белый,вставные,закрытые,да,10.0,12.0,24.0,Китай,да,да,нет,нет
178,28790.0,other,беспроводные,20.0,20.0,other,вставные,закрытые,да,50.0,12.0,24.0,Китай,да,да,да,нет
180,2990.0,other,беспроводные,20.0,20.0,белый,вставные,закрытые,да,35.0,12.0,24.0,other,да,нет,нет,нет
181,19990.0,other,беспроводные,20.0,20.0,other,вставные,закрытые,да,5.0,12.0,24.0,other,да,да,нет,нет
182,5690.0,other,беспроводные,20.0,20.0,черный,вставные,закрытые,да,36.0,12.0,24.0,other,да,да,нет,нет
183,22990.0,other,проводные,12.0,38.5,не указано,полноразмерные,открытые,нет,250.0,24.0,36.0,не указано,нет,нет,нет,нет
184,28790.0,other,беспроводные,20.0,20.0,other,вставные,закрытые,да,50.0,12.0,24.0,Китай,да,да,да,нет
185,14990.0,other,беспроводные,20.0,20.0,черный,вставные,закрытые,да,0.0,12.0,24.0,не указано,да,да,нет,нет
186,36590.0,other,проводные,7.0,40.0,черный,полноразмерные,открытые,да,391.0,12.0,24.0,не указано,нет,нет,нет,нет
187,1990.0,other,беспроводные,20.0,20.0,other,вставные,закрытые,да,6.6,12.0,24.0,Китай,да,да,нет,нет
188,359990.0,other,проводные,20.0,20.0,other,вставные,закрытые,да,15.0,12.0,24.0,США,нет,нет,нет,нет
189,179990.0,other,проводные,20.0,20.0,other,вставные,закрытые,да,41.0,12.0,24.0,other,нет,нет,нет,нет
190,790.0,other,проводные,20.0,20.0,белый,вставные,закрытые,нет,20.0,12.0,24.0,не указано,да,нет,нет,нет
191,185890.0,other,проводные,8.0,40.0,other,вставные,закрытые,да,12.0,12.0,24.0,Китай,нет,нет,нет,нет
193,28790.0,other,беспроводные,20.0,20.0,other,вставные,закрытые,да,50.0,12.0,24.0,Китай,да,да,да,нет
194,14990.0,other,беспроводные,20.0,20.0,черный,вставные,закрытые,да,42.0,12.0,24.0,Китай,да,да,нет,нет
195,35090.0,other,проводные,15.0,53.0,other,полноразмерные,закрытые,нет,525.0,12.0,24.0,Китай,нет,нет,нет,нет
196,21290.0,other,проводные,15.0,25.0,черный,полноразмерные,открытые,нет,550.0,12.0,24.0,не указано,нет,нет,нет,нет
197,33390.0,other,проводные,15.0,25.0,не указано,полноразмерные,закрытые,да,260.0,12.0,24.0,не указано,да,нет,нет,нет
198,12990.0,other,беспроводные,20.0,20.0,other,вставные,закрытые,да,12.0,12.0,24.0,Китай,да,да,нет,нет
199,149990.0,other,проводные,20.0,20.0,other,вставные,закрытые,да,0.0,12.0,24.0,США,нет,нет,нет,нет
201,208500.0,other,беспроводные,4.0,22.0,не указано,полноразмерные,закрытые,да,326.0,12.0,24.0,не указано,да,нет,нет,да
202,19560.0,other,беспроводные,20.0,20.0,other,полноразмерные,закрытые,нет,0.0,12.0,24.0,other,да,да,нет,нет
203,890.0,other,проводные,20.0,20.0,белый,вставные,закрытые,нет,15.0,12.0,24.0,не указано,да,нет,нет,нет
204,24990.0,other,беспроводные,20.0,20.0,other,вставные,закрытые,да,0.0,12.0,24.0,Китай,да,да,да,нет
205,22790.0,other,беспроводные,20.0,20.0,other,вставные,закрытые,да,46.0,12.0,24.0,Китай,да,да,да,нет
206,31990.0,other,беспроводные,20.0,48.0,черный,вставные,закрытые,да,50.0,12.0,24.0,Китай,да,да,да,нет
207,173990.0,other,проводные,5.0,55.0,other,полноразмерные,закрытые,нет,470.0,12.0,24.0,Китай,нет,нет,нет,нет
208,3790.0,other,беспроводные,20.0,20.0,черный,вставные,закрытые,да,42.0,12.0,24.0,Китай,да,да,нет,нет
209,374790.0,other,проводные,8.0,110.0,черный,полноразмерные,открытые,да,385.0,12.0,24.0,other,нет,нет,нет,нет
210,1490.0,other,проводные,20.0,20.0,не указано,вставные,закрытые,да,14.3,12.0,24.0,не указано,да,нет,нет,нет
212,10390.0,other,беспроводные,20.0,20.0,черный,накладные,открытые,да,45.0,12.0,24.0,Китай,да,да,нет,нет
213,990.0,other,проводные,5.0,24.0,белый,вставные,закрытые,нет,3.0,12.0,24.0,не указано,да,нет,нет,нет
214,201790.0,other,проводные,5.0,55.0,черный,полноразмерные,открытые,да,390.0,12.0,24.0,США,нет,нет,нет,нет
216,4590.0,other,проводные,15.0,25.0,черный,накладные,закрытые,нет,79.0,12.0,24.0,не указано,нет,нет,нет,да
217,21090.0,other,беспроводные,20.0,20.0,не указано,вставные,закрытые,да,0.0,12.0,24.0,Китай,да,нет,нет,нет
219,10990.0,other,беспроводные,20.0,20.0,не указано,вставные,закрытые,да,50.0,12.0,24.0,other,да,да,да,нет
220,16290.0,other,беспроводные,5.0,40.0,other,вставные,закрытые,да,20.0,12.0,24.0,Китай,да,да,да,нет
221,29990.0,other,беспроводные,10.0,22.0,черный,вставные,закрытые,да,60.0,12.0,24.0,не указано,да,да,да,нет
222,79990.0,other,беспроводные,10.0,30.0,черный,полноразмерные,закрытые,нет,320.0,12.0,24.0,не указано,да,да,нет,да
223,3990.0,other,беспроводные,20.0,20.0,белый,вставные,закрытые,да,35.0,12.0,24.0,other,да,нет,нет,нет
225,1990.0,other,беспроводные,20.0,20.0,черный,вставные,закрытые,да,6.6,12.0,24.0,Китай,да,да,нет,нет
227,51490.0,other,проводные,7.0,40.0,черный,полноразмерные,открытые,да,456.0,12.0,24.0,Китай,нет,нет,нет,нет
228,154090.0,other,проводные,5.0,40.0,черный,полноразмерные,открытые,да,0.0,12.0,24.0,Китай,нет,нет,нет,нет
229,129990.0,other,беспроводные,20.0,22.0,черный,полноразмерные,закрытые,да,323.0,12.0,24.0,Китай,да,нет,нет,нет
230,19990.0,other,беспроводные,20.0,40.0,черный,полноразмерные,закрытые,да,286.0,12.0,24.0,Китай,да,да,нет,да
231,1890.0,other,проводные,20.0,20.0,черный,накладные,закрытые,нет,121.0,12.0,24.0,не указано,да,нет,нет,нет
232,3690.0,other,проводные,20.0,40.0,черный,полноразмерные,закрытые,да,295.0,12.0,24.0,Китай,да,нет,нет,да
233,199990.0,other,проводные,4.0,51.0,черный,полноразмерные,открытые,да,330.0,24.0,36.0,не указано,нет,нет,нет,нет
234,74290.0,other,проводные,10.0,30.0,не указано,вставные,закрытые,да,0.0,12.0,24.0,не указано,нет,нет,нет,нет
235,2490.0,other,беспроводные,20.0,20.0,белый,вставные,закрытые,да,41.0,12.0,24.0,Китай,да,да,нет,нет
236,26990.0,other,беспроводные,20.0,20.0,other,вставные,закрытые,да,0.0,12.0,24.0,Китай,да,да,да,нет
237,28790.0,other,беспроводные,20.0,20.0,other,вставные,закрытые,да,50.0,12.0,24.0,Китай,да,да,да,нет
238,28790.0,other,беспроводные,20.0,20.0,other,вставные,закрытые,да,50.0,12.0,24.0,Китай,да,да,да,нет
239,12990.0,other,беспроводные,20.0,20.0,белый,накладные,закрытые,да,219.0,12.0,24.0,Китай,да,да,нет,да
240,3990.0,other,беспроводные,20.0,20.0,белый,вставные,закрытые,да,35.0,12.0,24.0,other,да,нет,нет,нет
242,14990.0,other,беспроводные,20.0,20.0,черный,вставные,закрытые,да,0.0,12.0,24.0,не указано,да,да,нет,нет
243,5490.0,other,беспроводные,20.0,40.0,белый,полноразмерные,закрытые,да,245.0,12.0,24.0,Китай,да,да,нет,да
244,17990.0,other,беспроводные,20.0,20.0,белый,вставные,открытые,да,63.0,12.0,24.0,Китай,да,да,нет,нет
245,149990.0,other,беспроводные,5.0,40.0,не указано,полноразмерные,закрытые,да,380.0,12.0,24.0,не указано,да,нет,нет,нет
246,19990.0,other,проводные,5.0,58.0,other,вставные,закрытые,да,5.5,12.0,24.0,Китай,да,нет,нет,нет
247,34890.0,other,беспроводные,20.0,20.0,не указано,вставные,закрытые,да,50.0,12.0,24.0,Китай,да,да,да,нет
248,29990.0,other,проводные,20.0,20.0,other,вставные,закрытые,да,32.0,12.0,24.0,other,нет,нет,нет,нет
249,56990.0,other,беспроводные,20.0,22.0,черный,вставные,закрытые,да,65.0,12.0,24.0,не указано,да,да,да,нет
250,7990.0,other,беспроводные,20.0,20.0,черный,полноразмерные,закрытые,нет,220.0,12.0,24.0,не указано,да,нет,нет,да
251,31990.0,other,беспроводные,20.0,20.0,белый,вставные,закрытые,да,0.0,12.0,24.0,Китай,да,да,нет,нет
253,10990.0,other,беспроводные,20.0,20.0,черный,полноразмерные,закрытые,да,265.0,12.0,24.0,Китай,да,да,нет,да
254,33390.0,other,беспроводные,20.0,20.0,other,вставные,закрытые,да,50.0,12.0,24.0,Китай,да,да,да,нет
255,9990.0,other,беспроводные,20.0,20.0,other,накладные,закрытые,нет,174.0,12.0,24.0,Китай,да,да,нет,да
256,3190.0,other,беспроводные,20.0,20.0,черный,накладные,открытые,да,12.0,12.0,24.0,Китай,да,да,нет,нет
257,62980.0,other,проводные,5.0,50.0,не указано,вставные,закрытые,да,0.0,12.0,24.0,Китай,нет,нет,нет,нет
258,204990.0,other,проводные,5.0,22.0,черный,вставные,закрытые,да,0.0,12.0,24.0,США,нет,нет,нет,нет
259,2990.0,other,беспроводные,14.0,48.0,other,вставные,закрытые,да,3.8,12.0,24.0,Китай,да,да,нет,нет
260,26990.0,other,проводные,5.0,35.0,не указано,полноразмерные,открытые,да,290.0,12.0,24.0,не указано,нет,нет,нет,нет
261,1790.0,other,беспроводные,20.0,20.0,черный,вставные,закрытые,да,36.0,12.0,24.0,Китай,да,да,нет,нет
262,7490.0,other,беспроводные,20.0,20.0,черный,полноразмерные,закрытые,да,246.0,12.0,24.0,Китай,да,да,нет,да
263,56990.0,other,проводные,5.0,40.0,не указано,вставные,закрытые,да,0.0,12.0,24.0,Китай,нет,нет,нет,нет
266,35490.0,other,беспроводные,10.0,25.0,не указано,полноразмерные,закрытые,да,325.0,12.0,24.0,не указано,да,нет,нет,нет
267,8490.0,other,беспроводные,20.0,20.0,белый,вставные,закрытые,да,3.0,12.0,24.0,не указано,нет,нет,нет,нет
268,17290.0,other,проводные,20.0,40.0,other,вставные,полуоткрытые,да,19.0,6.0,12.0,Китай,нет,нет,нет,нет
269,4190.0,other,проводные,10.0,50.0,other,вставные,закрытые,да,7.0,12.0,24.0,Китай,нет,нет,нет,нет
270,28790.0,other,беспроводные,20.0,20.0,other,вставные,закрытые,да,50.0,12.0,24.0,Китай,да,да,да,нет
272,39990.0,other,беспроводные,20.0,20.0,не указано,вставные,закрытые,да,0.0,12.0,24.0,не указано,да,нет,да,нет
273,10650.0,other,беспроводные,20.0,20.0,other,накладные,открытые,нет,31.5,12.0,24.0,Китай,да,да,нет,нет
274,698000.0,other,проводные,20.0,40.0,черный,полноразмерные,открытые,да,470.0,12.0,24.0,не указано,нет,нет,нет,нет
275,54990.0,other,проводные,20.0,20.0,черный,вставные,закрытые,да,17.0,12.0,24.0,other,нет,нет,нет,нет
276,25790.0,other,проводные,5.0,40.0,черный,вставные,полуоткрытые,да,0.0,12.0,24.0,не указано,нет,нет,нет,нет
277,89990.0,other,проводные,20.0,20.0,не указано,полноразмерные,закрытые,да,328.0,24.0,36.0,США,нет,нет,нет,да
278,2490.0,other,беспроводные,20.0,20.0,черный,вставные,закрытые,да,10.0,12.0,24.0,Китай,да,да,нет,нет
279,30390.0,other,беспроводные,20.0,20.0,other,полноразмерные,закрытые,нет,328.0,12.0,24.0,Китай,нет,нет,нет,нет
280,8490.0,other,беспроводные,20.0,20.0,черный,вставные,закрытые,да,4.0,12.0,24.0,Китай,да,да,нет,нет
282,40290.0,other,беспроводные,20.0,20.0,черный,вставные,закрытые,да,50.0,12.0,24.0,Китай,да,да,да,нет
283,3490.0,other,беспроводные,20.0,20.0,черный,накладные,закрытые,нет,157.0,12.0,24.0,не указано,да,да,нет,да
285,14190.0,other,беспроводные,20.0,40.0,черный,вставные,закрытые,да,5.0,12.0,24.0,other,да,да,нет,нет
286,23490.0,other,беспроводные,20.0,20.0,черный,полноразмерные,открытые,да,360.0,12.0,24.0,Китай,нет,нет,нет,нет
287,240000.0,other,проводные,5.0,50.0,черный,полноразмерные,открытые,да,495.0,12.0,24.0,не указано,нет,нет,нет,нет
288,13490.0,other,беспроводные,20.0,20.0,белый,вставные,закрытые,да,5.0,12.0,24.0,other,да,да,нет,нет
289,5990.0,other,проводные,20.0,22.0,черный,полноразмерные,закрытые,нет,210.0,12.0,24.0,не указано,нет,нет,нет,нет
290,28790.0,other,беспроводные,20.0,20.0,other,вставные,закрытые,да,50.0,12.0,24.0,Китай,да,да,да,нет
291,6490.0,other,беспроводные,20.0,20.0,черный,вставные,закрытые,да,31.0,12.0,24.0,Китай,да,да,нет,нет
294,24490.0,other,беспроводные,15.0,28.0,other,полноразмерные,закрытые,да,307.0,12.0,24.0,не указано,да,да,нет,да
295,21990.0,other,беспроводные,20.0,20.0,черный,вставные,закрытые,да,8.6,12.0,24.0,other,да,да,да,нет
296,39990.0,other,проводные,5.0,40.0,черный,полноразмерные,закрытые,нет,314.0,12.0,24.0,other,нет,нет,нет,нет
297,2190.0,other,проводные,10.0,28.0,черный,полноразмерные,закрытые,да,0.0,12.0,24.0,Китай,нет,нет,нет,нет
298,6990.0,other,беспроводные,20.0,20.0,черный,полноразмерные,закрытые,да,259.0,12.0,24.0,Китай,да,да,нет,да
299,21390.0,other,беспроводные,20.0,20.0,other,вставные,закрытые,да,46.0,12.0,24.0,не указано,да,да,да,нет
300,21390.0,other,беспроводные,20.0,20.0,other,вставные,закрытые,да,46.5,12.0,24.0,не указано,да,да,да,нет
302,399990.0,other,проводные,20.0,20.0,не указано,вставные,закрытые,да,0.0,12.0,24.0,США,нет,нет,нет,нет
303,16990.0,other,беспроводные,20.0,20.0,черный,вставные,полуоткрытые,да,7.0,12.0,24.0,США,да,да,нет,нет
304,34490.0,other,беспроводные,6.0,22.0,не указано,полноразмерные,закрытые,да,293.0,24.0,36.0,Китай,да,да,нет,нет
305,17990.0,other,беспроводные,20.0,20.0,other,накладные,открытые,да,10.0,12.0,24.0,США,да,нет,нет,нет
306,12790.0,other,беспроводные,5.0,32.0,черный,полноразмерные,закрытые,нет,216.0,12.0,24.0,не указано,да,да,нет,нет
307,9990.0,other,беспроводные,20.0,20.0,белый,вставные,закрытые,да,0.0,12.0,24.0,Китай,да,да,нет,нет
308,9290.0,other,проводные,5.0,40.0,черный,вставные,открытые,да,30.0,12.0,24.0,Китай,нет,нет,нет,нет
311,34890.0,other,беспроводные,20.0,20.0,не указано,вставные,закрытые,да,50.0,12.0,24.0,Китай,да,да,да,нет
312,3490.0,other,проводные,20.0,20.0,белый,вставные,закрытые,да,7.0,12.0,24.0,Китай,да,нет,нет,нет
314,17990.0,other,беспроводные,5.0,20.0,не указано,полноразмерные,закрытые,да,255.0,12.0,24.0,Китай,да,да,нет,да
315,5990.0,other,беспроводные,20.0,20.0,other,вставные,закрытые,да,34.0,12.0,24.0,не указано,да,да,да,нет
316,13990.0,other,беспроводные,20.0,20.0,other,накладные,открытые,да,35.0,12.0,24.0,Китай,да,да,нет,нет
317,389990.0,other,проводные,20.0,40.0,не указано,вставные,закрытые,да,15.0,12.0,24.0,США,нет,нет,нет,нет
319,24990.0,other,проводные,8.0,30.0,черный,накладные,закрытые,да,251.0,12.0,24.0,не указано,нет,нет,нет,да
321,790.0,other,проводные,20.0,20.0,other,вставные,закрытые,нет,14.0,12.0,24.0,не указано,да,нет,нет,нет
322,10990.0,other,беспроводные,20.0,20.0,не указано,вставные,закрытые,да,5.0,12.0,24.0,Китай,да,да,нет,нет
325,790.0,other,проводные,20.0,20.0,не указано,вставные,закрытые,нет,14.0,12.0,24.0,Китай,да,нет,нет,нет
326,9990.0,other,беспроводные,20.0,20.0,черный,полноразмерные,закрытые,да,300.0,12.0,24.0,Китай,да,да,нет,да
327,11590.0,other,беспроводные,20.0,20.0,черный,вставные,закрытые,да,4.0,12.0,24.0,Китай,да,да,нет,нет
328,89990.0,other,проводные,20.0,20.0,не указано,полноразмерные,открытые,да,328.0,24.0,36.0,США,нет,нет,нет,да
331,8990.0,other,беспроводные,20.0,20.0,белый,полноразмерные,закрытые,нет,245.0,12.0,24.0,other,да,нет,нет,нет
332,22790.0,other,беспроводные,20.0,20.0,черный,вставные,закрытые,да,46.0,12.0,24.0,не указано,да,да,нет,нет
333,5490.0,other,проводные,20.0,20.0,other,вставные,закрытые,нет,10.0,12.0,24.0,Китай,нет,нет,нет,нет
336,7490.0,other,проводные,15.0,22.0,черный,полноразмерные,закрытые,нет,300.0,12.0,24.0,Китай,нет,нет,нет,нет
337,499990.0,other,проводные,20.0,20.0,не указано,полноразмерные,закрытые,да,523.0,12.0,24.0,other,нет,нет,нет,нет
338,1590.0,other,проводные,5.0,45.0,other,вставные,закрытые,да,7.0,12.0,24.0,Китай,нет,нет,нет,нет
339,12990.0,other,беспроводные,20.0,20.0,черный,вставные,закрытые,да,0.0,12.0,24.0,не указано,да,нет,нет,нет
342,293680.0,other,проводные,10.0,70.0,не указано,вставные,закрытые,да,12.0,12.0,24.0,США,нет,нет,нет,нет
343,34890.0,other,беспроводные,20.0,20.0,не указано,вставные,закрытые,да,50.0,12.0,24.0,Китай,да,да,да,нет
344,224990.0,other,проводные,5.0,42.0,не указано,полноразмерные,закрытые,нет,395.0,12.0,24.0,не указано,нет,нет,нет,нет
345,21690.0,other,проводные,10.0,40.0,черный,вставные,полуоткрытые,да,8.8,12.0,24.0,Китай,нет,нет,нет,нет
347,8090.0,other,проводные,20.0,20.0,other,вставные,закрытые,да,0.0,12.0,24.0,Китай,нет,нет,нет,нет
348,30190.0,other,беспроводные,20.0,20.0,other,вставные,закрытые,да,50.0,12.0,24.0,Китай,да,да,да,нет
349,89990.0,other,проводные,20.0,34.0,черный,вставные,закрытые,да,0.0,36.0,48.0,other,нет,нет,нет,нет
350,6690.0,other,беспроводные,20.0,20.0,черный,накладные,открытые,да,92.0,12.0,24.0,Китай,нет,нет,нет,нет
352,5990.0,other,беспроводные,20.0,20.0,черный,полноразмерные,закрытые,нет,250.0,12.0,24.0,Китай,да,да,нет,нет
353,299990.0,other,проводные,10.0,70.0,не указано,вставные,закрытые,да,12.0,12.0,24.0,США,нет,нет,нет,нет
354,30190.0,other,беспроводные,20.0,20.0,черный,вставные,закрытые,да,50.0,12.0,24.0,Китай,да,да,да,нет
355,7990.0,other,беспроводные,20.0,20.0,белый,полноразмерные,закрытые,да,910.0,12.0,24.0,other,да,нет,нет,нет
356,89000.0,other,проводные,5.0,50.0,черный,вставные,закрытые,да,14.0,12.0,24.0,Китай,нет,нет,нет,нет
357,2690.0,other,беспроводные,20.0,20.0,белый,вставные,закрытые,да,0.0,12.0,24.0,Китай,да,да,нет,нет
358,8590.0,other,беспроводные,20.0,20.0,не указано,накладные,открытые,нет,30.0,12.0,24.0,Китай,да,да,нет,да
359,28790.0,other,беспроводные,20.0,20.0,other,вставные,закрытые,да,50.0,12.0,24.0,Китай,да,да,да,нет
360,43990.0,other,проводные,20.0,40.0,черный,вставные,закрытые,да,13.0,12.0,24.0,не указано,нет,нет,нет,нет
361,169900.0,other,"проводные, беспроводные",10.0,50.0,не указано,вставные,закрытые,да,0.0,12.0,24.0,other,да,да,нет,да
362,34890.0,other,беспроводные,20.0,20.0,не указано,вставные,закрытые,да,50.0,12.0,24.0,Китай,да,да,да,нет
363,28790.0,other,беспроводные,20.0,20.0,other,вставные,закрытые,да,50.0,12.0,24.0,Китай,да,да,да,нет
364,1790.0,other,проводные,20.0,40.0,other,вставные,закрытые,нет,14.3,12.0,24.0,Китай,да,нет,нет,нет
365,4290.0,other,беспроводные,20.0,20.0,черный,накладные,открытые,да,33.0,12.0,24.0,не указано,да,нет,нет,нет
366,984630.0,other,проводные,5.0,42.0,не указано,полноразмерные,открытые,да,432.0,12.0,24.0,не указано,нет,нет,нет,нет
367,3990.0,other,проводные,15.0,25.0,черный,накладные,открытые,нет,62.0,12.0,24.0,Китай,нет,нет,нет,да
368,28790.0,other,беспроводные,20.0,20.0,other,вставные,закрытые,да,50.0,12.0,24.0,Китай,да,да,да,нет
369,28790.0,other,беспроводные,20.0,20.0,other,вставные,закрытые,да,50.0,12.0,24.0,Китай,да,да,да,нет
370,12490.0,other,проводные,20.0,20.0,не указано,вставные,закрытые,да,0.0,12.0,24.0,Китай,нет,нет,нет,нет
371,332990.0,other,проводные,5.0,50.0,черный,полноразмерные,открытые,да,270.0,12.0,24.0,не указано,нет,нет,нет,нет
372,9390.0,other,беспроводные,20.0,20.0,other,вставные,закрытые,да,38.0,12.0,24.0,Китай,да,да,нет,нет
373,1890.0,other,проводные,20.0,20.0,черный,вставные,закрытые,нет,7.0,12.0,24.0,Китай,да,нет,нет,нет
374,4590.0,other,проводные,10.0,40.0,черный,полноразмерные,закрытые,да,0.0,12.0,24.0,не указано,нет,нет,нет,да
375,12290.0,other,проводные,15.0,35.0,черный,полноразмерные,открытые,нет,315.0,12.0,24.0,не указано,нет,нет,нет,нет
376,154990.0,other,проводные,8.0,28.0,не указано,вставные,закрытые,нет,0.0,12.0,24.0,США,нет,нет,нет,нет
377,30000.0,other,проводные,19.0,21.0,черный,вставные,закрытые,да,5.0,12.0,24.0,не указано,нет,нет,нет,нет
378,14990.0,other,беспроводные,20.0,20.0,other,вставные,закрытые,да,0.0,12.0,24.0,не указано,да,да,нет,нет
379,5590.0,other,проводные,20.0,40.0,черный,вставные,закрытые,нет,0.0,12.0,24.0,Китай,нет,нет,нет,нет
380,2980.0,other,беспроводные,20.0,20.0,белый,вставные,закрытые,да,3.8,12.0,24.0,Китай,да,да,нет,нет
381,8490.0,other,беспроводные,20.0,20.0,черный,вставные,закрытые,да,10.0,12.0,24.0,Китай,да,да,нет,нет
382,49990.0,other,беспроводные,20.0,20.0,черный,полноразмерные,закрытые,да,250.0,12.0,24.0,не указано,нет,да,нет,да
383,21990.0,other,беспроводные,20.0,20.0,черный,полноразмерные,закрытые,нет,282.0,12.0,24.0,Китай,да,да,нет,нет
384,299990.0,other,проводные,10.0,25.0,не указано,полноразмерные,открытые,да,450.0,12.0,24.0,США,нет,нет,нет,нет
385,349900.0,other,проводные,20.0,20.0,other,полноразмерные,закрытые,да,500.0,12.0,24.0,США,нет,нет,нет,нет
387,25990.0,other,беспроводные,20.0,20.0,other,вставные,закрытые,да,0.0,12.0,24.0,Китай,да,да,да,нет
388,81990.0,other,проводные,5.0,40.0,other,вставные,закрытые,да,21.0,12.0,24.0,Китай,нет,нет,нет,нет
390,6490.0,other,беспроводные,20.0,20.0,other,полноразмерные,закрытые,нет,273.0,12.0,24.0,Китай,да,да,нет,нет
391,12390.0,other,беспроводные,16.0,40.0,other,вставные,закрытые,да,8.1,12.0,24.0,не указано,да,да,да,нет
392,409990.0,other,проводные,10.0,20.0,черный,полноразмерные,закрытые,да,415.0,24.0,36.0,США,нет,нет,нет,да
393,23290.0,other,беспроводные,20.0,20.0,не указано,вставные,закрытые,да,46.0,12.0,24.0,Китай,да,да,да,нет
394,114990.0,other,проводные,15.0,25.0,не указано,вставные,закрытые,да,0.0,12.0,24.0,США,нет,нет,нет,нет
396,23190.0,other,беспроводные,20.0,40.0,other,вставные,закрытые,да,5.0,12.0,24.0,other,да,да,да,нет
397,107490.0,other,проводные,20.0,40.0,не указано,вставные,закрытые,да,7.0,12.0,24.0,Китай,нет,нет,да,нет
398,129990.0,other,проводные,20.0,25.0,other,вставные,закрытые,да,12.0,12.0,24.0,Китай,нет,нет,нет,нет
401,25890.0,other,проводные,20.0,40.0,черный,полноразмерные,открытые,да,354.0,12.0,24.0,Китай,нет,нет,нет,нет
402,585000.0,other,проводные,5.0,70.0,черный,полноразмерные,открытые,нет,980.0,12.0,24.0,не указано,нет,нет,нет,нет
403,10390.0,other,беспроводные,20.0,20.0,не указано,вставные,закрытые,да,0.0,12.0,24.0,Китай,да,нет,нет,нет
406,39990.0,other,проводные,20.0,20.0,other,вставные,закрытые,да,28.0,12.0,24.0,other,нет,нет,нет,нет
408,4990.0,other,беспроводные,20.0,20.0,белый,вставные,закрытые,да,200.0,12.0,24.0,не указано,да,нет,нет,нет
409,34890.0,other,беспроводные,20.0,20.0,не указано,вставные,закрытые,да,50.0,12.0,24.0,Китай,да,да,да,нет
410,179990.0,other,проводные,5.0,56.0,не указано,полноразмерные,закрытые,да,375.0,12.0,24.0,не указано,нет,нет,нет,нет
411,4290.0,other,проводные,15.0,32.0,черный,полноразмерные,полуоткрытые,нет,0.0,12.0,24.0,Китай,нет,нет,нет,нет
412,990.0,other,проводные,20.0,20.0,other,вставные,закрытые,нет,0.0,12.0,24.0,Китай,да,нет,нет,нет
415,1790.0,other,проводные,20.0,20.0,черный,накладные,полуоткрытые,нет,50.0,12.0,24.0,не указано,да,нет,нет,нет
416,19990.0,other,беспроводные,20.0,20.0,other,вставные,открытые,да,0.0,12.0,24.0,Китай,да,да,нет,нет
417,2490.0,other,беспроводные,20.0,20.0,белый,накладные,закрытые,нет,230.0,12.0,24.0,Китай,да,да,нет,да
420,289990.0,other,проводные,10.0,20.0,не указано,вставные,закрытые,да,0.0,12.0,24.0,не указано,нет,нет,нет,нет
422,9990.0,other,беспроводные,20.0,20.0,черный,полноразмерные,закрытые,нет,287.0,12.0,24.0,Китай,да,да,нет,да
423,299990.0,other,проводные,20.0,25.0,не указано,вставные,закрытые,да,7.0,12.0,24.0,США,нет,нет,нет,нет
424,7990.0,other,беспроводные,20.0,20.0,белый,вставные,закрытые,да,0.0,12.0,24.0,Китай,да,да,нет,нет
425,469990.0,other,проводные,35.0,20.0,other,полноразмерные,закрытые,да,523.0,12.0,24.0,other,нет,нет,нет,нет
427,57990.0,other,проводные,5.0,50.0,не указано,вставные,закрытые,да,0.0,12.0,24.0,Китай,нет,нет,нет,нет
428,14490.0,other,беспроводные,20.0,20.0,черный,вставные,закрытые,да,30.0,12.0,24.0,Китай,да,да,нет,нет
429,29990.0,other,беспроводные,20.0,20.0,черный,вставные,закрытые,да,7.8,12.0,24.0,не указано,да,да,нет,нет
430,13790.0,other,проводные,20.0,20.0,черный,вставные,закрытые,да,6.0,12.0,24.0,Китай,нет,нет,нет,нет
431,77990.0,other,беспроводные,20.0,22.0,не указано,полноразмерные,закрытые,да,285.0,12.0,24.0,не указано,да,нет,нет,нет
432,9990.0,other,беспроводные,20.0,20.0,не указано,вставные,закрытые,да,33.0,12.0,24.0,Китай,да,нет,нет,нет
433,3990.0,other,беспроводные,50.0,20.0,не указано,вставные,закрытые,да,15.0,12.0,24.0,Китай,да,да,нет,нет
434,890.0,other,проводные,20.0,20.0,other,вставные,закрытые,нет,0.0,12.0,24.0,Китай,да,нет,нет,нет
435,32290.0,other,беспроводные,20.0,20.0,other,вставные,закрытые,да,0.0,12.0,24.0,Китай,да,да,да,нет
437,10490.0,other,"проводные, беспроводные",20.0,20.0,черный,полноразмерные,закрытые,нет,345.0,12.0,24.0,Китай,да,нет,нет,нет
438,9490.0,other,проводные,10.0,50.0,other,вставные,закрытые,да,0.0,12.0,24.0,Китай,нет,нет,нет,нет
439,1990.0,other,беспроводные,20.0,20.0,белый,вставные,закрытые,да,10.0,6.0,12.0,Китай,да,нет,нет,нет
440,39990.0,other,проводные,20.0,20.0,не указано,полноразмерные,закрытые,нет,318.0,12.0,24.0,не указано,нет,нет,нет,нет
441,28790.0,other,беспроводные,20.0,20.0,other,вставные,закрытые,да,50.0,12.0,24.0,Китай,да,да,да,нет
443,126990.0,other,проводные,10.0,28.0,other,вставные,закрытые,да,0.0,12.0,24.0,США,нет,нет,нет,нет
444,48190.0,other,проводные,20.0,40.0,other,полноразмерные,открытые,да,435.0,12.0,24.0,Китай,нет,нет,нет,нет
445,18560.0,other,беспроводные,20.0,20.0,черный,полноразмерные,закрытые,нет,275.0,12.0,24.0,other,да,нет,нет,нет
446,6390.0,other,проводные,5.0,40.0,other,вставные,закрытые,да,17.0,12.0,24.0,не указано,нет,нет,нет,нет
447,409990.0,other,проводные,20.0,20.0,черный,полноразмерные,открытые,да,418.0,24.0,36.0,США,нет,нет,нет,да
448,1990.0,other,беспроводные,20.0,20.0,белый,вставные,закрытые,да,0.0,12.0,24.0,Китай,да,да,нет,нет
449,3990.0,other,беспроводные,20.0,20.0,other,вставные,закрытые,да,10.0,12.0,24.0,Китай,да,да,нет,нет
450,4190.0,other,беспроводные,20.0,20.0,черный,вставные,открытые,да,0.0,12.0,24.0,Китай,да,да,нет,нет
451,399990.0,other,проводные,5.0,65.0,не указано,полноразмерные,закрытые,да,315.0,12.0,24.0,США,нет,нет,нет,нет
452,34465.0,other,беспроводные,20.0,20.0,other,вставные,закрытые,да,0.0,12.0,24.0,Китай,да,да,нет,нет
454,33390.0,other,беспроводные,20.0,20.0,other,вставные,закрытые,да,50.0,12.0,24.0,Китай,да,да,да,нет
455,49990.0,other,беспроводные,20.0,40.0,черный,вставные,закрытые,да,5.9,12.0,24.0,other,да,да,да,нет
456,5490.0,other,беспроводные,20.0,40.0,other,вставные,закрытые,да,56.0,12.0,24.0,США,да,да,нет,нет
457,17290.0,other,проводные,20.0,20.0,не указано,полноразмерные,закрытые,да,280.0,12.0,24.0,Китай,нет,нет,нет,нет
459,7990.0,other,беспроводные,20.0,20.0,черный,полноразмерные,закрытые,да,910.0,12.0,24.0,other,да,нет,нет,нет
460,19290.0,other,беспроводные,20.0,20.0,черный,вставные,закрытые,да,38.0,12.0,24.0,не указано,да,нет,нет,нет
461,16990.0,other,беспроводные,20.0,20.0,черный,вставные,закрытые,да,51.0,12.0,24.0,other,да,да,да,нет
462,34890.0,other,беспроводные,20.0,20.0,не указано,вставные,закрытые,да,50.0,12.0,24.0,Китай,да,да,да,нет
463,28790.0,other,беспроводные,20.0,20.0,белый,вставные,закрытые,да,50.0,12.0,24.0,Китай,да,да,да,нет
464,34890.0,other,беспроводные,20.0,20.0,не указано,вставные,закрытые,да,50.0,12.0,24.0,Китай,да,да,да,нет
465,114990.0,other,проводные,20.0,20.0,черный,полноразмерные,закрытые,да,404.0,12.0,24.0,США,нет,нет,нет,нет
466,15990.0,other,проводные,20.0,20.0,не указано,вставные,закрытые,да,0.0,12.0,24.0,не указано,нет,нет,нет,нет
467,69990.0,other,проводные,20.0,25.0,other,вставные,закрытые,да,0.0,36.0,48.0,other,нет,нет,нет,нет
469,16990.0,other,проводные,20.0,40.0,черный,вставные,закрытые,да,14.0,12.0,24.0,не указано,нет,нет,нет,нет
471,6690.0,other,проводные,10.0,40.0,черный,полноразмерные,полуоткрытые,да,300.0,12.0,24.0,Китай,да,нет,нет,да
472,219900.0,other,проводные,5.0,28.0,other,полноразмерные,открытые,да,450.0,12.0,24.0,other,нет,нет,нет,нет
473,5490.0,other,беспроводные,20.0,20.0,черный,накладные,полуоткрытые,да,0.0,12.0,24.0,Китай,да,да,нет,нет
474,29990.0,other,проводные,16.0,27.0,other,вставные,закрытые,да,0.0,36.0,48.0,other,нет,нет,нет,нет
475,24990.0,other,проводные,15.0,35.0,не указано,полноразмерные,полуоткрытые,нет,315.0,12.0,24.0,США,нет,нет,нет,нет
476,11990.0,other,проводные,15.0,35.0,other,полноразмерные,закрытые,нет,328.0,12.0,24.0,Китай,нет,нет,нет,нет
477,69990.0,other,проводные,20.0,20.0,черный,вставные,закрытые,да,0.0,12.0,24.0,США,нет,нет,нет,нет
478,245990.0,other,проводные,5.0,20.0,не указано,вставные,закрытые,да,0.0,12.0,24.0,не указано,нет,нет,нет,нет
480,29990.0,other,беспроводные,10.0,40.0,черный,полноразмерные,закрытые,да,278.0,12.0,24.0,не указано,да,да,нет,да
481,7490.0,other,беспроводные,20.0,20.0,белый,вставные,закрытые,да,42.0,12.0,24.0,Китай,да,да,нет,нет
482,52560.0,other,проводные,7.0,41.0,не указано,полноразмерные,открытые,нет,322.0,12.0,24.0,не указано,нет,нет,нет,нет
485,142990.0,other,проводные,20.0,20.0,other,вставные,закрытые,да,0.0,12.0,24.0,США,нет,нет,нет,нет
486,2790.0,other,проводные,10.0,25.0,черный,полноразмерные,закрытые,нет,200.0,12.0,24.0,не указано,нет,нет,нет,нет
487,88990.0,other,проводные,5.0,45.0,не указано,полноразмерные,закрытые,да,375.0,12.0,24.0,не указано,нет,нет,нет,нет
488,11390.0,other,проводные,10.0,40.0,не указано,вставные,полуоткрытые,да,7.0,12.0,24.0,не указано,нет,нет,нет,нет
490,4790.0,other,проводные,20.0,20.0,other,вставные,закрытые,нет,10.0,12.0,24.0,Китай,нет,нет,нет,нет
491,40990.0,other,беспроводные,20.0,20.0,не указано,вставные,закрытые,да,50.0,12.0,24.0,Китай,да,да,да,нет
492,19990.0,other,беспроводные,20.0,20.0,не указано,накладные,открытые,нет,32.0,12.0,24.0,Китай,да,да,нет,нет
493,4990.0,other,беспроводные,20.0,20.0,other,полноразмерные,закрытые,да,195.0,12.0,24.0,other,да,нет,нет,нет
494,6590.0,other,беспроводные,20.0,40.0,черный,полноразмерные,закрытые,да,295.0,12.0,24.0,Китай,да,да,нет,да
495,189990.0,other,проводные,10.0,20.0,other,вставные,закрытые,да,0.0,12.0,24.0,США,нет,нет,нет,нет
496,9490.0,other,беспроводные,20.0,20.0,белый,вставные,закрытые,да,5.9,12.0,24.0,не указано,да,да,да,нет
497,4990.0,other,беспроводные,20.0,20.0,черный,вставные,закрытые,да,4.3,12.0,24.0,Китай,да,да,нет,нет
499,28790.0,other,беспроводные,20.0,20.0,не указано,вставные,закрытые,да,50.0,12.0,24.0,Китай,да,да,да,нет
500,2990.0,other,беспроводные,20.0,20.0,белый,вставные,закрытые,да,30.0,12.0,24.0,не указано,да,да,нет,нет
502,139990.0,other,проводные,10.0,20.0,черный,вставные,закрытые,да,0.0,12.0,24.0,США,нет,нет,нет,нет
503,10490.0,other,проводные,20.0,40.0,other,вставные,закрытые,да,7.6,12.0,24.0,Китай,нет,нет,нет,нет
504,107690.0,other,проводные,13.0,58.0,other,полноразмерные,открытые,нет,0.0,12.0,24.0,Китай,нет,нет,нет,нет
505,3990.0,other,беспроводные,20.0,20.0,белый,вставные,закрытые,да,6.0,12.0,24.0,Китай,да,нет,нет,нет
506,20990.0,other,проводные,20.0,40.0,other,вставные,полуоткрытые,да,19.0,6.0,12.0,Китай,нет,нет,нет,нет
507,139190.0,other,проводные,5.0,30.0,other,полноразмерные,открытые,да,375.0,12.0,24.0,other,нет,нет,нет,да
509,30190.0,other,беспроводные,20.0,20.0,other,вставные,закрытые,да,50.0,12.0,24.0,Китай,да,да,да,нет
510,28990.0,other,беспроводные,20.0,40.0,белый,вставные,закрытые,да,8.6,12.0,24.0,Китай,да,да,да,нет
511,23990.0,other,беспроводные,20.0,19.0,черный,накладные,закрытые,нет,965.0,12.0,24.0,other,нет,нет,нет,нет
512,2790.0,other,беспроводные,160.0,16.0,не указано,накладные,открытые,нет,28.0,12.0,24.0,Китай,да,нет,нет,нет
513,75990.0,other,проводные,5.0,20.0,черный,вставные,закрытые,да,35.0,12.0,24.0,США,нет,нет,нет,нет
514,28790.0,other,беспроводные,20.0,20.0,не указано,вставные,закрытые,да,50.0,12.0,24.0,Китай,да,да,да,нет
517,146990.0,other,проводные,5.0,20.0,черный,вставные,закрытые,да,7.0,12.0,24.0,США,нет,нет,нет,нет
518,5690.0,other,беспроводные,20.0,20.0,other,вставные,закрытые,да,36.0,12.0,24.0,other,да,да,нет,нет
519,8590.0,other,беспроводные,20.0,20.0,other,вставные,закрытые,да,10.0,12.0,24.0,Китай,да,да,нет,нет
520,23990.0,other,беспроводные,5.0,21.0,белый,вставные,закрытые,да,10.0,12.0,24.0,other,да,да,нет,нет
521,28790.0,other,беспроводные,20.0,20.0,other,вставные,закрытые,да,50.0,12.0,24.0,Китай,да,да,да,нет
522,99990.0,other,проводные,10.0,20.0,не указано,вставные,закрытые,да,14.0,12.0,24.0,США,нет,нет,нет,нет
523,89990.0,other,проводные,5.0,40.0,не указано,полноразмерные,открытые,да,340.0,12.0,24.0,не указано,нет,нет,нет,нет
526,26990.0,other,проводные,5.0,35.0,не указано,полноразмерные,открытые,да,290.0,12.0,24.0,не указано,нет,нет,нет,нет
527,16190.0,other,проводные,10.0,40.0,не указано,вставные,полуоткрытые,да,7.0,12.0,24.0,не указано,нет,нет,нет,нет
528,28790.0,other,беспроводные,20.0,20.0,other,вставные,закрытые,да,50.0,12.0,24.0,Китай,да,да,да,нет
530,34890.0,other,беспроводные,20.0,20.0,не указано,вставные,закрытые,да,50.0,12.0,24.0,Китай,да,да,да,нет
531,790.0,other,проводные,20.0,20.0,other,вставные,закрытые,нет,0.0,12.0,24.0,Китай,нет,нет,нет,нет
532,12490.0,other,беспроводные,20.0,20.0,не указано,вставные,закрытые,да,60.0,12.0,24.0,Китай,да,да,да,нет
535,8590.0,other,беспроводные,20.0,20.0,не указано,накладные,открытые,нет,30.5,12.0,24.0,Китай,да,да,нет,нет
536,234990.0,other,проводные,20.0,20.0,не указано,вставные,закрытые,да,0.0,12.0,24.0,США,нет,нет,нет,нет
538,1990.0,other,беспроводные,20.0,20.0,черный,вставные,закрытые,да,0.0,12.0,24.0,Китай,да,да,нет,нет
539,7290.0,other,беспроводные,16.0,40.0,белый,вставные,закрытые,да,0.0,12.0,24.0,Китай,да,да,нет,нет
540,2090.0,other,проводные,20.0,40.0,other,вставные,закрытые,нет,10.0,6.0,12.0,Китай,да,нет,нет,нет
541,22990.0,other,беспроводные,20.0,20.0,черный,вставные,закрытые,да,7.0,12.0,24.0,Китай,да,да,нет,нет
542,10190.0,other,проводные,15.0,40.0,other,вставные,закрытые,да,0.0,12.0,24.0,не указано,нет,нет,нет,нет
543,32400.0,other,беспроводные,10.0,30.0,черный,полноразмерные,закрытые,да,283.0,12.0,24.0,не указано,да,нет,нет,да
544,9990.0,other,беспроводные,20.0,20.0,черный,вставные,закрытые,да,0.0,12.0,24.0,Китай,да,да,нет,нет
545,21390.0,other,беспроводные,20.0,20.0,other,вставные,закрытые,да,46.0,12.0,24.0,не указано,да,да,да,нет
547,69990.0,other,проводные,5.0,20.0,черный,вставные,закрытые,да,7.0,12.0,24.0,США,нет,нет,нет,нет
549,990.0,other,проводные,20.0,20.0,other,вставные,закрытые,нет,0.0,12.0,24.0,Китай,да,нет,нет,нет
550,4690.0,other,беспроводные,20.0,20.0,черный,накладные,закрытые,нет,183.0,12.0,24.0,Китай,да,да,нет,да
551,33390.0,other,беспроводные,20.0,20.0,не указано,вставные,закрытые,да,50.0,12.0,24.0,Китай,да,да,да,нет
552,6490.0,other,беспроводные,20.0,20.0,черный,накладные,открытые,да,9.0,12.0,24.0,Китай,да,да,нет,нет
553,5990.0,other,проводные,15.0,22.0,не указано,полноразмерные,открытые,нет,172.0,12.0,24.0,не указано,нет,нет,нет,да
554,169990.0,other,проводные,20.0,20.0,не указано,вставные,закрытые,да,10.0,12.0,24.0,США,нет,нет,нет,нет
555,1390.0,other,беспроводные,20.0,20.0,черный,вставные,закрытые,да,0.0,12.0,24.0,не указано,нет,нет,нет,нет
556,13290.0,other,проводные,20.0,40.0,черный,вставные,закрытые,да,15.0,12.0,24.0,не указано,нет,нет,нет,нет
558,8390.0,other,беспроводные,20.0,20.0,черный,полноразмерные,закрытые,да,271.0,12.0,24.0,Китай,да,да,нет,да
559,14990.0,other,беспроводные,14.0,40.0,черный,вставные,закрытые,да,14.0,12.0,24.0,Китай,да,да,да,нет
560,107990.0,other,беспроводные,10.0,48.0,черный,полноразмерные,закрытые,да,370.0,12.0,24.0,other,да,да,нет,да
561,39990.0,other,проводные,20.0,18.0,other,вставные,закрытые,да,0.0,12.0,24.0,США,нет,нет,нет,нет
562,64990.0,other,проводные,5.0,50.0,не указано,вставные,закрытые,да,0.0,12.0,24.0,Китай,нет,нет,нет,нет
563,33790.0,other,беспроводные,20.0,20.0,черный,вставные,закрытые,да,50.0,12.0,24.0,Китай,да,да,да,нет
564,34890.0,other,беспроводные,20.0,20.0,other,вставные,закрытые,да,50.0,12.0,24.0,Китай,да,да,да,нет
565,1990.0,other,беспроводные,20.0,20.0,other,вставные,закрытые,да,6.6,12.0,24.0,Китай,да,да,нет,нет
566,66990.0,other,проводные,8.0,40.0,черный,вставные,закрытые,да,8.0,12.0,24.0,Китай,нет,нет,нет,нет
567,2990.0,other,проводные,20.0,20.0,белый,вставные,закрытые,да,0.0,12.0,24.0,не указано,да,нет,нет,нет
568,77990.0,other,беспроводные,10.0,40.0,черный,полноразмерные,закрытые,нет,0.0,12.0,24.0,Китай,да,да,нет,нет
569,34890.0,other,беспроводные,20.0,20.0,other,вставные,закрытые,да,50.0,12.0,24.0,Китай,да,да,да,нет
571,21090.0,other,беспроводные,20.0,20.0,не указано,вставные,закрытые,да,0.0,12.0,24.0,Китай,да,нет,нет,нет
572,23090.0,other,беспроводные,20.0,20.0,не указано,вставные,закрытые,да,38.0,12.0,24.0,не указано,да,нет,нет,нет
573,48890.0,other,проводные,5.0,40.0,черный,вставные,закрытые,да,17.0,12.0,24.0,Китай,нет,нет,нет,нет
575,3590.0,other,беспроводные,20.0,20.0,черный,вставные,закрытые,да,10.0,12.0,24.0,Китай,да,нет,да,нет
576,4990.0,other,беспроводные,20.0,20.0,other,полноразмерные,закрытые,да,195.0,12.0,24.0,other,да,нет,нет,нет
577,28790.0,other,беспроводные,20.0,20.0,other,вставные,закрытые,да,50.0,12.0,24.0,Китай,да,да,да,нет
578,15290.0,other,проводные,10.0,40.0,черный,вставные,закрытые,да,12.0,12.0,24.0,Китай,нет,нет,нет,нет
579,144000.0,other,проводные,10.0,50.0,other,полноразмерные,открытые,да,595.0,12.0,24.0,не указано,нет,нет,нет,нет
580,55000.0,other,проводные,17.0,21.0,не указано,вставные,закрытые,да,10.0,12.0,24.0,не указано,нет,нет,нет,нет
581,5990.0,other,беспроводные,20.0,20.0,белый,вставные,закрытые,да,8.8,12.0,24.0,Китай,да,да,нет,нет
582,2990.0,other,проводные,20.0,40.0,черный,полноразмерные,закрытые,да,280.0,12.0,24.0,Китай,да,нет,нет,нет
583,2090.0,other,проводные,20.0,20.0,other,вставные,закрытые,нет,7.0,12.0,24.0,Китай,нет,нет,нет,нет
584,30290.0,other,беспроводные,10.0,47.0,other,вставные,закрытые,да,4.7,12.0,24.0,Китай,да,да,да,нет
585,16590.0,other,беспроводные,20.0,20.0,other,накладные,открытые,нет,31.0,12.0,24.0,Китай,да,да,нет,нет
586,12690.0,other,проводные,5.0,40.0,other,вставные,закрытые,да,10.0,12.0,24.0,Китай,нет,нет,нет,нет
588,3390.0,other,проводные,20.0,20.0,черный,вставные,открытые,нет,3.2,12.0,24.0,Китай,да,нет,нет,нет
589,34890.0,other,беспроводные,20.0,20.0,не указано,вставные,закрытые,да,50.0,12.0,24.0,Китай,да,да,да,нет
592,132990.0,other,проводные,5.0,40.0,other,вставные,закрытые,да,17.0,12.0,24.0,other,нет,нет,нет,нет
593,3990.0,other,беспроводные,20.0,20.0,белый,вставные,открытые,да,0.0,12.0,24.0,Китай,да,да,нет,нет
594,7490.0,other,беспроводные,20.0,20.0,other,полноразмерные,закрытые,да,246.0,12.0,24.0,Китай,да,да,нет,да
595,33890.0,other,беспроводные,10.0,35.0,other,вставные,закрытые,да,83.0,12.0,24.0,Китай,да,да,нет,нет
596,41990.0,other,беспроводные,20.0,20.0,other,вставные,закрытые,да,0.0,12.0,24.0,Китай,да,да,нет,нет
597,9990.0,other,беспроводные,20.0,20.0,белый,накладные,полуоткрытые,да,16.0,12.0,24.0,Китай,да,да,да,нет
598,580290.0,other,проводные,5.0,42.0,не указано,полноразмерные,открытые,нет,441.0,12.0,24.0,не указано,нет,нет,нет,нет
599,2190.0,other,беспроводные,160.0,16.0,черный,накладные,открытые,нет,28.0,12.0,24.0,Китай,да,нет,нет,нет
600,4990.0,other,беспроводные,20.0,20.0,черный,накладные,закрытые,нет,147.0,12.0,24.0,не указано,да,да,нет,нет
601,30190.0,other,беспроводные,20.0,20.0,other,вставные,закрытые,да,50.0,12.0,24.0,Китай,да,да,да,нет
602,229990.0,other,проводные,6.0,48.0,черный,полноразмерные,закрытые,да,360.0,24.0,36.0,не указано,нет,нет,нет,нет
604,1890.0,other,проводные,5.0,45.0,черный,вставные,закрытые,нет,7.0,12.0,24.0,Китай,нет,нет,нет,нет
605,34890.0,other,беспроводные,20.0,20.0,не указано,вставные,закрытые,да,50.0,12.0,24.0,Китай,да,да,да,нет
606,30190.0,other,беспроводные,20.0,20.0,other,вставные,закрытые,да,50.0,12.0,24.0,Китай,да,да,да,нет
608,3490.0,other,беспроводные,20.0,20.0,черный,вставные,открытые,да,5.2,12.0,24.0,Китай,да,да,нет,нет
609,399990.0,other,проводные,20.0,20.0,черный,полноразмерные,закрытые,да,523.0,12.0,24.0,other,нет,нет,нет,нет
610,26990.0,other,проводные,5.0,35.0,не указано,полноразмерные,открытые,да,290.0,12.0,24.0,не указано,нет,нет,нет,нет
611,409990.0,other,проводные,20.0,20.0,черный,полноразмерные,закрытые,да,415.0,24.0,36.0,США,нет,нет,нет,нет
612,89990.0,other,проводные,5.0,50.0,не указано,вставные,закрытые,да,0.0,12.0,24.0,Китай,нет,нет,нет,нет
613,3990.0,other,проводные,10.0,35.0,черный,полноразмерные,закрытые,да,0.0,12.0,24.0,не указано,нет,нет,нет,нет
614,31990.0,other,беспроводные,20.0,20.0,черный,полноразмерные,закрытые,да,240.0,12.0,24.0,США,да,да,нет,нет
616,10690.0,other,беспроводные,20.0,20.0,other,вставные,закрытые,да,57.0,12.0,24.0,Китай,да,нет,нет,нет
618,4990.0,other,беспроводные,20.0,20.0,белый,полноразмерные,закрытые,нет,195.0,12.0,24.0,other,да,нет,нет,нет
620,34890.0,other,беспроводные,20.0,20.0,other,вставные,закрытые,да,50.0,12.0,24.0,Китай,да,да,да,нет
621,299990.0,other,проводные,20.0,35.0,черный,вставные,закрытые,да,0.0,12.0,24.0,Китай,нет,нет,нет,нет
622,69990.0,other,проводные,10.0,20.0,черный,вставные,закрытые,да,0.0,12.0,24.0,Китай,нет,нет,нет,нет
624,34890.0,other,беспроводные,20.0,20.0,не указано,вставные,закрытые,да,50.0,12.0,24.0,Китай,да,да,да,нет
625,54900.0,other,проводные,15.0,22.0,other,полноразмерные,закрытые,да,306.0,12.0,24.0,other,нет,нет,нет,нет
626,3490.0,other,беспроводные,20.0,20.0,не указано,вставные,закрытые,да,5.0,12.0,24.0,не указано,да,да,да,нет
627,314990.0,other,проводные,20.0,20.0,не указано,вставные,закрытые,да,0.0,12.0,24.0,США,нет,нет,нет,нет
628,7390.0,other,проводные,15.0,22.0,черный,вставные,закрытые,да,13.7,12.0,24.0,не указано,нет,нет,нет,нет
629,9990.0,other,беспроводные,20.0,20.0,черный,накладные,полуоткрытые,да,16.0,12.0,24.0,Китай,да,да,да,нет
631,2690.0,other,проводные,20.0,40.0,other,полноразмерные,закрытые,да,300.0,12.0,24.0,Китай,да,нет,нет,нет
632,27490.0,other,беспроводные,20.0,20.0,не указано,вставные,закрытые,да,46.0,12.0,24.0,Китай,да,да,да,нет
633,69900.0,other,проводные,20.0,22.0,other,полноразмерные,открытые,да,294.0,12.0,24.0,other,нет,нет,нет,нет
635,16990.0,other,беспроводные,20.0,20.0,белый,вставные,закрытые,да,51.0,12.0,24.0,other,да,да,да,нет
636,343990.0,other,проводные,5.0,20.0,other,вставные,закрытые,да,17.0,12.0,24.0,США,нет,нет,нет,нет
637,1290.0,other,проводные,20.0,20.0,черный,вставные,закрытые,нет,0.0,12.0,24.0,Китай,да,нет,нет,нет
638,14190.0,other,беспроводные,20.0,40.0,other,вставные,закрытые,да,5.0,12.0,24.0,other,да,да,нет,нет
639,14990.0,other,беспроводные,20.0,20.0,other,вставные,закрытые,да,0.0,12.0,24.0,не указано,да,да,нет,нет
641,131000.0,other,проводные,10.0,50.0,черный,полноразмерные,закрытые,да,612.0,12.0,24.0,не указано,нет,нет,нет,нет
642,28790.0,other,беспроводные,20.0,20.0,other,вставные,закрытые,да,50.0,12.0,24.0,Китай,да,да,да,нет
643,49990.0,other,проводные,20.0,40.0,other,полноразмерные,открытые,да,420.0,12.0,24.0,Китай,нет,нет,нет,нет
644,3990.0,other,беспроводные,20.0,20.0,other,вставные,закрытые,да,10.0,12.0,24.0,Китай,да,да,нет,нет
645,10990.0,other,проводные,20.0,40.0,other,вставные,закрытые,да,18.5,12.0,24.0,не указано,да,нет,нет,нет
646,9490.0,other,беспроводные,20.0,20.0,other,вставные,закрытые,да,31.0,12.0,24.0,Китай,да,да,нет,нет
647,22990.0,other,беспроводные,20.0,20.0,белый,вставные,полуоткрытые,да,0.0,12.0,24.0,Китай,да,да,нет,нет
648,8190.0,other,проводные,20.0,40.0,черный,вставные,закрытые,да,10.0,12.0,24.0,не указано,нет,нет,нет,нет
649,4990.0,other,проводные,20.0,20.0,other,вставные,закрытые,да,12.0,12.0,24.0,other,нет,нет,нет,нет
650,29490.0,other,беспроводные,4.0,40.0,other,полноразмерные,закрытые,да,255.0,12.0,24.0,не указано,да,да,нет,да
651,2990.0,other,беспроводные,20.0,20.0,черный,вставные,закрытые,да,10.0,12.0,24.0,Китай,да,да,нет,нет
652,189990.0,other,проводные,20.0,20.0,не указано,вставные,закрытые,нет,15.0,12.0,24.0,США,нет,нет,нет,нет
653,34890.0,other,беспроводные,20.0,20.0,не указано,вставные,закрытые,да,50.0,12.0,24.0,Китай,да,да,да,нет
654,10990.0,other,беспроводные,20.0,20.0,other,вставные,открытые,да,10.0,12.0,24.0,Китай,да,да,нет,нет
655,29990.0,other,проводные,15.0,25.0,белый,вставные,закрытые,нет,7.0,12.0,24.0,other,нет,нет,нет,нет
657,2990.0,other,беспроводные,20.0,20.0,черный,вставные,закрытые,да,10.0,12.0,24.0,Китай,да,да,да,нет
659,399990.0,other,проводные,20.0,20.0,черный,вставные,закрытые,нет,15.0,12.0,24.0,США,нет,нет,нет,нет
660,129990.0,other,проводные,5.0,50.0,не указано,полноразмерные,открытые,да,360.0,12.0,24.0,не указано,нет,нет,нет,нет
661,34890.0,other,беспроводные,20.0,20.0,other,вставные,закрытые,да,50.0,12.0,24.0,Китай,да,да,да,нет
662,134990.0,other,проводные,20.0,50.0,черный,вставные,закрытые,да,0.0,12.0,24.0,Китай,нет,нет,нет,нет
663,34990.0,other,беспроводные,20.0,20.0,черный,вставные,закрытые,да,7.0,12.0,24.0,не указано,да,да,да,нет
665,10990.0,other,беспроводные,20.0,20.0,белый,вставные,закрытые,да,48.0,12.0,24.0,не указано,да,да,нет,нет
666,28790.0,other,беспроводные,20.0,20.0,other,вставные,закрытые,да,50.0,12.0,24.0,Китай,да,да,да,нет
668,20980.0,other,беспроводные,10.0,22.0,белый,полноразмерные,закрытые,нет,222.0,12.0,24.0,Китай,да,да,нет,нет
669,3990.0,other,беспроводные,20.0,20.0,черный,вставные,закрытые,да,10.0,12.0,24.0,Китай,да,да,нет,нет
670,3490.0,other,беспроводные,20.0,20.0,other,накладные,открытые,нет,181.0,12.0,24.0,Китай,да,нет,нет,да
671,80990.0,other,проводные,7.0,90.0,черный,полноразмерные,открытые,да,365.0,12.0,24.0,Китай,нет,нет,нет,нет
672,27090.0,other,проводные,5.0,40.0,other,вставные,закрытые,да,20.0,12.0,24.0,Китай,нет,нет,нет,нет
673,8390.0,other,беспроводные,20.0,20.0,черный,накладные,открытые,да,76.0,12.0,24.0,Китай,да,да,нет,нет
675,790.0,other,проводные,20.0,20.0,other,вставные,закрытые,нет,0.0,12.0,24.0,Китай,да,нет,нет,нет
676,44000.0,other,проводные,20.0,20.0,черный,вставные,закрытые,да,29.0,12.0,24.0,не указано,нет,нет,нет,нет
677,4790.0,other,беспроводные,20.0,20.0,other,вставные,закрытые,да,0.0,24.0,36.0,не указано,да,да,нет,нет
678,34890.0,other,беспроводные,20.0,20.0,не указано,вставные,закрытые,да,50.0,12.0,24.0,Китай,да,да,да,нет
679,10490.0,other,беспроводные,20.0,20.0,белый,вставные,закрытые,да,34.0,12.0,24.0,не указано,да,да,нет,нет
681,19290.0,other,проводные,10.0,40.0,не указано,полноразмерные,закрытые,да,340.0,12.0,24.0,Китай,нет,нет,нет,нет
682,171400.0,other,проводные,7.0,41.0,черный,полноразмерные,открытые,нет,371.0,12.0,24.0,не указано,нет,нет,нет,нет
683,34990.0,other,беспроводные,20.0,40.0,other,вставные,закрытые,да,7.0,12.0,24.0,other,да,да,да,нет
687,9990.0,other,беспроводные,20.0,20.0,белый,вставные,закрытые,да,6.8,12.0,24.0,other,да,да,да,нет
688,129990.0,other,проводные,5.0,20.0,черный,вставные,закрытые,да,0.0,12.0,24.0,США,нет,нет,нет,нет
689,69290.0,other,проводные,50.0,40.0,other,вставные,закрытые,да,6.0,12.0,24.0,Китай,нет,нет,нет,нет
690,34890.0,other,беспроводные,20.0,20.0,не указано,вставные,закрытые,да,50.0,12.0,24.0,Китай,да,да,да,нет
691,15790.0,other,проводные,10.0,50.0,other,вставные,закрытые,да,7.0,12.0,24.0,Китай,нет,нет,нет,нет
692,4990.0,other,беспроводные,20.0,20.0,черный,полноразмерные,закрытые,да,195.0,12.0,24.0,other,да,нет,нет,нет
693,47990.0,other,проводные,6.0,30.0,черный,полноразмерные,закрытые,да,0.0,12.0,24.0,не указано,нет,нет,нет,нет
694,279900.0,other,проводные,30.0,30.0,черный,полноразмерные,открытые,да,430.0,12.0,24.0,other,нет,нет,нет,нет
696,319990.0,other,проводные,5.0,22.0,не указано,вставные,закрытые,да,0.0,12.0,24.0,не указано,нет,нет,нет,нет
697,69280.0,other,проводные,5.0,50.0,не указано,вставные,закрытые,да,0.0,12.0,24.0,Китай,нет,нет,нет,нет
698,28790.0,other,беспроводные,20.0,20.0,other,вставные,закрытые,да,50.0,12.0,24.0,Китай,да,да,да,нет
699,2490.0,other,беспроводные,20.0,20.0,other,вставные,закрытые,нет,20.0,12.0,24.0,Китай,да,да,нет,нет
700,19100.0,other,беспроводные,20.0,20.0,черный,накладные,открытые,нет,33.0,12.0,24.0,Китай,да,да,нет,нет
702,234990.0,other,проводные,5.0,22.0,черный,вставные,закрытые,да,0.0,12.0,24.0,США,нет,нет,нет,нет
703,21090.0,other,беспроводные,20.0,20.0,other,вставные,закрытые,да,0.0,12.0,24.0,Китай,да,нет,нет,нет
705,3990.0,other,беспроводные,20.0,20.0,other,вставные,закрытые,нет,0.0,12.0,24.0,Китай,да,да,нет,да
706,5990.0,other,беспроводные,20.0,20.0,черный,полноразмерные,закрытые,нет,100.0,12.0,24.0,Китай,да,нет,нет,нет
707,89990.0,other,беспроводные,5.0,20.0,не указано,вставные,закрытые,да,6.0,24.0,36.0,Китай,да,да,да,нет
708,29906.0,other,беспроводные,10.0,20.0,черный,полноразмерные,закрытые,да,320.0,12.0,24.0,не указано,да,да,нет,нет
709,59890.0,other,проводные,5.0,36.0,черный,полноразмерные,открытые,да,260.0,12.0,24.0,other,нет,нет,нет,нет
711,34890.0,other,беспроводные,20.0,20.0,не указано,вставные,закрытые,да,50.0,12.0,24.0,Китай,да,да,да,нет
712,126900.0,other,беспроводные,10.0,40.0,не указано,полноразмерные,закрытые,да,340.0,12.0,24.0,не указано,да,да,нет,да
713,13290.0,other,проводные,10.0,25.0,черный,полноразмерные,закрытые,нет,270.0,12.0,24.0,не указано,нет,нет,нет,нет
714,12990.0,other,беспроводные,20.0,20.0,other,вставные,закрытые,да,42.0,12.0,24.0,other,да,нет,нет,нет
715,21390.0,other,проводные,10.0,45.0,other,вставные,закрытые,да,0.0,12.0,24.0,Китай,нет,нет,нет,нет
718,399990.0,other,проводные,20.0,40.0,other,вставные,закрытые,да,0.0,12.0,24.0,Китай,нет,нет,нет,нет
719,169990.0,other,проводные,20.0,20.0,черный,полноразмерные,закрытые,да,380.0,24.0,36.0,США,нет,нет,нет,нет
720,9990.0,other,беспроводные,5.0,32.0,черный,накладные,закрытые,нет,180.0,12.0,24.0,не указано,да,да,нет,нет
723,28790.0,other,беспроводные,20.0,20.0,other,вставные,закрытые,да,50.0,12.0,24.0,Китай,да,да,да,нет
724,9990.0,other,проводные,10.0,40.0,other,вставные,закрытые,нет,6.5,12.0,24.0,Китай,нет,нет,нет,нет
725,22190.0,other,беспроводные,5.0,20.0,не указано,вставные,закрытые,да,0.0,12.0,24.0,не указано,да,да,да,нет
726,62190.0,other,проводные,10.0,40.0,черный,вставные,полуоткрытые,да,12.0,12.0,24.0,не указано,нет,нет,нет,нет
727,198090.0,other,проводные,5.0,45.0,не указано,полноразмерные,закрытые,да,390.0,12.0,24.0,не указано,нет,нет,нет,нет
728,59990.0,other,проводные,20.0,27.0,не указано,вставные,закрытые,нет,0.0,36.0,48.0,other,нет,нет,нет,нет
729,4790.0,other,проводные,15.0,37.0,other,вставные,закрытые,да,0.0,12.0,24.0,Китай,нет,нет,нет,нет
730,7390.0,other,беспроводные,20.0,20.0,other,вставные,закрытые,да,10.0,12.0,24.0,не указано,да,да,нет,нет
731,6700000.0,other,проводные,8.0,80.0,other,полноразмерные,открытые,да,0.0,24.0,36.0,other,нет,нет,нет,нет
732,49990.0,other,беспроводные,20.0,20.0,белый,полноразмерные,закрытые,да,312.0,12.0,24.0,Китай,да,да,нет,нет
733,17990.0,other,беспроводные,20.0,20.0,other,вставные,закрытые,да,5.0,12.0,24.0,не указано,да,да,нет,нет
735,19990.0,other,проводные,15.0,28.0,черный,полноразмерные,закрытые,да,285.0,12.0,24.0,не указано,нет,нет,нет,да
737,2490.0,other,беспроводные,20.0,20.0,черный,вставные,закрытые,да,41.0,12.0,24.0,Китай,да,да,нет,нет
738,22990.0,other,проводные,7.0,40.0,черный,полноразмерные,открытые,да,374.0,12.0,24.0,Китай,нет,нет,нет,нет
739,6490.0,other,беспроводные,20.0,20.0,other,полноразмерные,закрытые,нет,273.0,12.0,24.0,Китай,да,да,нет,нет
740,3990.0,other,беспроводные,20.0,20.0,белый,вставные,закрытые,да,35.0,12.0,24.0,other,да,нет,нет,нет
741,790.0,other,беспроводные,20.0,20.0,other,вставные,закрытые,да,39.0,12.0,24.0,Китай,да,нет,нет,нет
742,12590.0,other,беспроводные,15.0,25.0,черный,накладные,открытые,да,0.0,12.0,24.0,Китай,да,да,нет,да
743,3990.0,other,беспроводные,20.0,20.0,other,вставные,закрытые,да,10.0,12.0,24.0,Китай,да,да,нет,нет
744,62690.0,other,проводные,9.0,40.0,черный,вставные,закрытые,да,7.0,12.0,24.0,Китай,нет,нет,нет,нет
745,690.0,other,проводные,20.0,20.0,черный,вставные,закрытые,нет,0.0,12.0,24.0,Китай,нет,нет,нет,нет
746,9990.0,other,беспроводные,20.0,20.0,other,вставные,закрытые,да,0.0,12.0,24.0,Китай,да,да,нет,нет
747,10390.0,other,беспроводные,20.0,40.0,other,вставные,закрытые,да,0.0,12.0,24.0,Китай,да,да,да,нет
748,5990.0,other,беспроводные,20.0,20.0,белый,вставные,закрытые,да,45.8,12.0,24.0,не указано,да,да,нет,нет
751,990.0,other,проводные,4.0,43.0,other,вставные,закрытые,нет,0.0,12.0,24.0,Китай,нет,нет,нет,нет
753,21090.0,other,беспроводные,20.0,20.0,other,вставные,закрытые,да,38.0,12.0,24.0,не указано,да,нет,нет,нет
754,5990.0,other,беспроводные,20.0,20.0,other,вставные,закрытые,да,39.0,12.0,24.0,Китай,да,да,нет,нет
756,38000.0,other,проводные,17.0,21.0,черный,вставные,закрытые,да,10.0,12.0,24.0,не указано,нет,нет,нет,нет
757,23290.0,other,беспроводные,20.0,20.0,не указано,вставные,закрытые,да,46.0,12.0,24.0,не указано,да,да,да,нет
758,11490.0,other,беспроводные,20.0,20.0,белый,полноразмерные,закрытые,нет,192.0,12.0,24.0,other,да,да,нет,да
759,465000.0,other,проводные,8.0,45.0,не указано,полноразмерные,открытые,да,440.0,12.0,24.0,не указано,нет,нет,нет,нет
760,7990.0,other,проводные,20.0,40.0,не указано,вставные,закрытые,нет,18.0,12.0,24.0,не указано,да,нет,нет,нет
762,60890.0,other,проводные,5.0,40.0,не указано,вставные,закрытые,да,0.0,12.0,24.0,Китай,нет,нет,нет,нет
763,180000.0,other,беспроводные,10.0,40.0,other,полноразмерные,закрытые,да,375.0,12.0,24.0,other,да,да,нет,нет
764,10990.0,other,беспроводные,20.0,20.0,не указано,вставные,закрытые,да,5.0,12.0,24.0,Китай,да,да,нет,нет
766,25090.0,other,беспроводные,20.0,20.0,черный,вставные,закрытые,да,46.5,12.0,24.0,не указано,да,да,нет,нет
767,5290.0,other,проводные,15.0,25.0,черный,накладные,открытые,нет,62.0,12.0,24.0,Китай,нет,нет,нет,да
768,183990.0,other,проводные,5.0,45.0,не указано,полноразмерные,открытые,да,390.0,12.0,24.0,не указано,нет,нет,нет,нет
769,14990.0,other,беспроводные,5.0,40.0,черный,вставные,закрытые,да,37.0,12.0,24.0,Китай,да,да,да,нет
770,4990.0,other,беспроводные,40.0,40.0,белый,вставные,закрытые,да,4.9,12.0,24.0,не указано,да,да,да,нет
774,6490.0,other,беспроводные,20.0,20.0,черный,полноразмерные,закрытые,нет,273.0,12.0,24.0,Китай,да,да,нет,нет
776,2990.0,other,беспроводные,160.0,16.0,черный,накладные,открытые,нет,28.0,12.0,24.0,Китай,да,нет,нет,нет
777,590.0,other,проводные,18.0,22.0,не указано,вставные,закрытые,нет,6.0,12.0,24.0,Китай,нет,нет,нет,нет
778,27990.0,other,беспроводные,20.0,20.0,черный,вставные,закрытые,да,45.0,12.0,24.0,не указано,да,да,нет,нет
779,55390.0,other,проводные,5.0,40.0,белый,вставные,закрытые,да,8.0,12.0,24.0,Китай,нет,нет,нет,нет
780,28790.0,other,беспроводные,20.0,20.0,черный,вставные,закрытые,да,50.0,12.0,24.0,Китай,да,да,да,нет
781,24990.0,other,беспроводные,20.0,20.0,other,вставные,закрытые,да,7.0,12.0,24.0,не указано,да,да,да,нет
782,79990.0,other,проводные,20.0,20.0,other,вставные,закрытые,да,15.0,12.0,24.0,Китай,нет,нет,нет,нет
783,24890.0,other,проводные,15.0,25.0,не указано,полноразмерные,закрытые,да,260.0,12.0,24.0,не указано,да,нет,нет,нет
784,2690.0,other,проводные,20.0,40.0,черный,полноразмерные,закрытые,да,300.0,12.0,24.0,Китай,да,нет,нет,нет
785,18990.0,other,беспроводные,14.0,48.0,other,вставные,закрытые,да,5.8,12.0,24.0,Китай,да,да,да,нет
786,2990.0,other,беспроводные,20.0,20.0,other,вставные,закрытые,да,0.0,6.0,12.0,Китай,да,нет,нет,нет
788,259990.0,other,проводные,5.0,50.0,other,вставные,закрытые,да,15.0,12.0,24.0,Китай,нет,нет,нет,нет
790,12490.0,other,беспроводные,20.0,20.0,other,вставные,закрытые,да,39.0,12.0,24.0,other,да,да,нет,нет
791,100970.0,other,проводные,7.0,41.0,черный,полноразмерные,открытые,нет,351.0,12.0,24.0,не указано,нет,нет,нет,нет
792,5450.0,other,беспроводные,20.0,20.0,черный,накладные,открытые,нет,26.0,12.0,24.0,Китай,да,да,нет,нет
793,6990.0,other,беспроводные,20.0,20.0,other,вставные,закрытые,да,42.0,12.0,24.0,Китай,да,да,нет,нет
794,35290.0,other,проводные,20.0,40.0,не указано,полноразмерные,открытые,да,395.0,12.0,24.0,Китай,нет,нет,нет,нет
795,12490.0,other,проводные,10.0,40.0,черный,вставные,закрытые,да,7.3,12.0,24.0,не указано,нет,нет,нет,нет
796,4990.0,other,беспроводные,20.0,20.0,other,вставные,закрытые,да,15.0,12.0,24.0,Китай,да,да,нет,нет
798,52000.0,other,проводные,20.0,25.0,не указано,полноразмерные,открытые,да,475.0,12.0,24.0,не указано,нет,нет,нет,нет
799,13790.0,other,беспроводные,20.0,20.0,не указано,накладные,открытые,нет,32.0,12.0,24.0,Китай,да,да,нет,нет
801,1990.0,other,беспроводные,20.0,20.0,белый,вставные,закрытые,да,6.6,12.0,24.0,Китай,да,да,нет,нет
802,296390.0,other,проводные,4.0,92.0,не указано,полноразмерные,закрытые,да,427.0,12.0,24.0,other,нет,нет,нет,нет
803,14990.0,other,беспроводные,20.0,20.0,other,вставные,закрытые,да,38.0,12.0,24.0,не указано,да,нет,нет,нет
805,14190.0,other,беспроводные,20.0,40.0,other,вставные,закрытые,да,5.0,12.0,24.0,other,да,да,нет,нет
808,99990.0,other,проводные,5.0,20.0,черный,вставные,закрытые,да,8.0,12.0,24.0,не указано,нет,нет,нет,нет
811,34000.0,other,проводные,10.0,40.0,черный,вставные,закрытые,да,8.8,12.0,24.0,Китай,нет,нет,нет,нет
812,10990.0,other,беспроводные,20.0,20.0,не указано,вставные,закрытые,да,5.0,12.0,24.0,Китай,да,да,нет,нет
813,2190.0,other,беспроводные,160.0,16.0,other,накладные,открытые,нет,28.0,12.0,24.0,Китай,да,нет,нет,нет
814,39990.0,other,беспроводные,20.0,20.0,черный,вставные,открытые,да,57.0,12.0,24.0,Китай,да,нет,нет,нет
815,13980.0,other,беспроводные,20.0,20.0,черный,накладные,закрытые,нет,186.0,12.0,24.0,Китай,да,да,да,да
816,625000.0,other,проводные,5.0,50.0,не указано,полноразмерные,открытые,да,420.0,12.0,24.0,США,нет,нет,нет,нет
817,94990.0,other,проводные,20.0,18.0,черный,вставные,закрытые,да,0.0,12.0,24.0,США,нет,нет,нет,нет
818,5090.0,other,проводные,20.0,20.0,other,вставные,закрытые,нет,24.0,12.0,24.0,Китай,нет,нет,нет,нет
820,275200.0,other,проводные,6.0,41.0,не указано,полноразмерные,открытые,нет,365.0,12.0,24.0,не указано,нет,нет,нет,нет
821,24690.0,other,беспроводные,100.0,10.0,не указано,накладные,открытые,да,35.0,12.0,24.0,Китай,да,да,нет,нет
823,28790.0,other,беспроводные,20.0,20.0,other,вставные,закрытые,да,50.0,12.0,24.0,Китай,да,да,да,нет
825,29490.0,other,беспроводные,4.0,40.0,черный,полноразмерные,закрытые,да,255.0,12.0,24.0,не указано,нет,да,нет,да
826,22690.0,other,беспроводные,5.0,20.0,черный,вставные,закрытые,да,76.0,12.0,24.0,не указано,да,да,нет,нет
827,29990.0,other,беспроводные,20.0,20.0,черный,полноразмерные,закрытые,да,290.0,12.0,24.0,Китай,да,нет,нет,нет
828,14590.0,other,проводные,20.0,20.0,черный,полноразмерные,закрытые,да,275.0,12.0,24.0,Китай,нет,нет,нет,нет
829,2490.0,other,беспроводные,20.0,20.0,черный,вставные,закрытые,да,47.0,12.0,24.0,не указано,да,да,нет,нет
830,14990.0,other,беспроводные,20.0,20.0,other,вставные,закрытые,да,0.0,12.0,24.0,не указано,да,да,нет,нет
831,1490.0,other,проводные,20.0,20.0,other,накладные,закрытые,нет,255.0,12.0,24.0,не указано,да,нет,нет,да
832,11990.0,other,беспроводные,20.0,20.0,черный,вставные,закрытые,да,44.0,12.0,24.0,Китай,да,да,да,нет
833,40290.0,other,беспроводные,20.0,20.0,other,вставные,закрытые,да,50.0,12.0,24.0,Китай,да,да,да,нет
835,34990.0,other,беспроводные,20.0,40.0,черный,вставные,закрытые,да,8.6,12.0,24.0,Китай,да,да,да,нет
836,20990.0,other,беспроводные,20.0,18.0,other,вставные,закрытые,да,13.0,12.0,24.0,не указано,да,нет,нет,нет
837,152090.0,other,проводные,5.0,40.0,other,вставные,закрытые,да,17.0,12.0,24.0,other,нет,нет,нет,нет
838,82290.0,other,проводные,20.0,40.0,не указано,вставные,закрытые,да,20.0,12.0,24.0,Китай,нет,нет,нет,нет
841,990.0,other,проводные,20.0,20.0,черный,вставные,закрытые,нет,0.0,12.0,24.0,Китай,да,нет,нет,нет
842,8790.0,other,проводные,20.0,20.0,other,вставные,закрытые,да,16.0,12.0,24.0,не указано,нет,нет,нет,нет
843,2990.0,other,беспроводные,20.0,20.0,белый,вставные,закрытые,да,0.0,6.0,12.0,Китай,да,нет,нет,нет
844,13490.0,other,проводные,15.0,35.0,черный,полноразмерные,полуоткрытые,нет,315.0,12.0,24.0,не указано,нет,нет,нет,нет
847,169990.0,other,проводные,10.0,25.0,other,вставные,закрытые,да,61.0,12.0,24.0,other,нет,нет,нет,нет
848,3990.0,other,беспроводные,20.0,20.0,черный,вставные,закрытые,да,6.0,12.0,24.0,Китай,да,нет,нет,нет
849,39990.0,other,беспроводные,20.0,20.0,белый,вставные,открытые,да,57.0,12.0,24.0,Китай,да,нет,нет,нет
850,38330.0,other,беспроводные,10.0,20.0,черный,полноразмерные,закрытые,да,325.0,12.0,24.0,не указано,да,да,нет,нет
851,10990.0,other,беспроводные,20.0,20.0,не указано,вставные,закрытые,да,5.0,12.0,24.0,Китай,да,да,нет,нет
853,3890.0,other,проводные,10.0,35.0,черный,полноразмерные,закрытые,нет,0.0,12.0,24.0,Китай,нет,нет,нет,нет
854,39990.0,other,беспроводные,4.0,40.0,черный,полноразмерные,закрытые,да,298.0,12.0,24.0,не указано,да,да,нет,да
855,34990.0,other,проводные,7.0,40.0,черный,полноразмерные,открытые,да,391.0,12.0,24.0,Китай,нет,нет,нет,нет
856,21190.0,other,проводные,10.0,50.0,other,вставные,закрытые,да,0.0,12.0,24.0,Китай,нет,нет,нет,нет
857,2490.0,other,беспроводные,20.0,20.0,не указано,вставные,закрытые,да,41.0,12.0,24.0,Китай,да,да,нет,нет
858,16990.0,other,беспроводные,14.0,48.0,белый,вставные,закрытые,да,15.0,12.0,24.0,Китай,да,да,нет,нет
859,7990.0,other,беспроводные,20.0,20.0,белый,вставные,закрытые,да,0.0,12.0,24.0,Китай,да,да,нет,нет
860,10990.0,other,беспроводные,20.0,20.0,черный,накладные,закрытые,нет,165.0,12.0,24.0,не указано,да,да,да,да
861,12490.0,other,беспроводные,20.0,20.0,черный,вставные,закрытые,да,39.0,12.0,24.0,other,да,да,нет,нет
862,2990.0,other,проводные,15.0,25.0,other,накладные,открытые,нет,26.0,12.0,24.0,не указано,нет,нет,нет,нет
863,105190.0,other,проводные,20.0,20.0,не указано,вставные,закрытые,да,0.0,12.0,24.0,Китай,нет,нет,нет,нет
864,4490.0,other,беспроводные,20.0,40.0,белый,полноразмерные,закрытые,нет,260.0,12.0,24.0,Китай,да,да,нет,нет
865,34990.0,other,беспроводные,20.0,40.0,черный,вставные,закрытые,да,7.0,12.0,24.0,other,да,да,да,нет
866,1290.0,other,проводные,20.0,20.0,черный,вставные,закрытые,нет,35.0,12.0,24.0,не указано,да,нет,нет,нет
867,3990.0,other,беспроводные,20.0,20.0,черный,накладные,закрытые,нет,261.0,12.0,24.0,Китай,да,да,нет,да
868,45990.0,other,беспроводные,20.0,20.0,черный,вставные,закрытые,да,0.0,12.0,24.0,Китай,да,да,да,нет
869,28790.0,other,беспроводные,20.0,20.0,other,вставные,закрытые,да,50.0,12.0,24.0,Китай,да,да,да,нет
871,60280.0,other,проводные,5.0,50.0,не указано,вставные,закрытые,да,0.0,12.0,24.0,Китай,нет,нет,нет,нет
873,33390.0,other,беспроводные,20.0,20.0,не указано,вставные,закрытые,да,50.0,12.0,24.0,Китай,да,да,да,нет
875,39990.0,other,беспроводные,10.0,19.0,не указано,вставные,закрытые,да,0.0,12.0,24.0,не указано,да,нет,да,нет
876,3950.0,other,беспроводные,20.0,20.0,черный,вставные,закрытые,да,5.0,12.0,24.0,Китай,да,да,нет,нет
877,89990.0,other,проводные,20.0,20.0,черный,полноразмерные,закрытые,да,328.0,24.0,36.0,США,нет,нет,нет,да
879,80690.0,other,проводные,5.0,43.0,не указано,полноразмерные,закрытые,нет,265.0,12.0,24.0,не указано,нет,нет,нет,нет
880,52890.0,other,беспроводные,100.0,35.0,other,вставные,закрытые,да,83.0,12.0,24.0,Китай,да,да,да,нет
882,8390.0,other,беспроводные,20.0,20.0,белый,накладные,открытые,да,76.0,12.0,24.0,Китай,да,да,нет,нет
883,70390.0,other,проводные,5.0,40.0,other,вставные,закрытые,да,0.0,12.0,24.0,Китай,нет,нет,нет,нет
885,54990.0,other,проводные,20.0,18.0,other,вставные,закрытые,да,0.0,12.0,24.0,США,нет,нет,нет,нет
886,27490.0,other,беспроводные,20.0,20.0,не указано,вставные,закрытые,да,46.0,12.0,24.0,Китай,да,да,да,нет
887,28090.0,other,беспроводные,20.0,20.0,не указано,вставные,закрытые,да,46.0,12.0,24.0,не указано,да,да,да,нет
888,23990.0,other,проводные,20.0,20.0,не указано,вставные,закрытые,да,0.0,12.0,24.0,Китай,нет,нет,нет,нет
889,21090.0,other,беспроводные,20.0,20.0,не указано,вставные,закрытые,да,0.0,12.0,24.0,Китай,да,нет,нет,нет
891,3990.0,other,беспроводные,20.0,20.0,белый,вставные,закрытые,да,4.5,12.0,24.0,не указано,да,да,нет,нет
892,30190.0,other,беспроводные,20.0,20.0,other,вставные,закрытые,да,50.0,12.0,24.0,Китай,да,да,да,нет
893,1490.0,other,беспроводные,20.0,20.0,белый,вставные,закрытые,да,0.0,12.0,24.0,Китай,да,нет,нет,нет
894,139190.0,other,проводные,20.0,30.0,other,вставные,закрытые,да,0.0,12.0,24.0,не указано,нет,нет,нет,нет
895,6590.0,other,беспроводные,20.0,40.0,белый,полноразмерные,закрытые,да,295.0,12.0,24.0,Китай,да,да,нет,да
897,28790.0,other,беспроводные,20.0,20.0,other,вставные,закрытые,да,50.0,12.0,24.0,Китай,да,да,да,нет
898,16190.0,other,проводные,20.0,40.0,other,вставные,закрытые,да,7.0,12.0,24.0,Китай,нет,нет,нет,нет
899,17990.0,other,беспроводные,20.0,20.0,белый,полноразмерные,закрытые,да,256.0,12.0,24.0,Китай,да,да,нет,да
900,26090.0,other,беспроводные,20.0,20.0,не указано,вставные,закрытые,да,0.0,12.0,24.0,Китай,да,да,да,нет
901,40990.0,other,беспроводные,20.0,20.0,other,вставные,закрытые,да,50.0,12.0,24.0,Китай,да,да,да,нет
902,28790.0,other,беспроводные,20.0,20.0,other,вставные,закрытые,да,50.0,12.0,24.0,Китай,да,да,да,нет
904,5090.0,other,проводные,5.0,40.0,черный,вставные,закрытые,нет,0.0,12.0,24.0,Китай,нет,нет,нет,нет
905,14290.0,other,беспроводные,5.0,40.0,черный,вставные,закрытые,да,37.0,12.0,24.0,Китай,да,да,да,нет
906,3990.0,other,беспроводные,20.0,20.0,белый,вставные,закрытые,да,57.0,6.0,12.0,Китай,да,нет,нет,нет
907,8390.0,other,беспроводные,20.0,20.0,other,полноразмерные,закрытые,да,271.0,12.0,24.0,Китай,да,да,нет,да
908,88390.0,other,проводные,5.0,20.0,не указано,вставные,закрытые,да,35.0,12.0,24.0,США,нет,нет,нет,нет
909,2490.0,other,беспроводные,20.0,20.0,белый,вставные,закрытые,да,36.0,6.0,12.0,Китай,да,нет,нет,нет
911,389900.0,other,проводные,5.0,40.0,other,полноразмерные,закрытые,да,435.0,12.0,24.0,other,нет,нет,нет,нет
912,790.0,other,проводные,20.0,20.0,не указано,вставные,закрытые,нет,0.0,12.0,24.0,Китай,нет,нет,нет,нет
913,6190.0,other,проводные,10.0,40.0,не указано,вставные,закрытые,да,6.0,12.0,24.0,не указано,нет,нет,нет,нет
914,2690.0,other,проводные,20.0,20.0,черный,вставные,закрытые,нет,0.0,12.0,24.0,Китай,да,нет,нет,нет
915,7190.0,other,беспроводные,20.0,20.0,other,накладные,открытые,нет,30.0,12.0,24.0,Китай,да,да,нет,нет
917,5790.0,other,проводные,20.0,40.0,черный,полноразмерные,полуоткрытые,да,295.0,12.0,24.0,Китай,да,нет,нет,да
918,8790.0,other,беспроводные,20.0,20.0,белый,вставные,закрытые,да,0.0,12.0,24.0,не указано,да,да,да,нет
920,5990.0,other,беспроводные,20.0,20.0,белый,накладные,открытые,да,80.0,12.0,24.0,Китай,да,нет,нет,нет
921,8790.0,other,проводные,10.0,50.0,черный,вставные,закрытые,да,10.0,12.0,24.0,Китай,да,нет,нет,нет
922,5490.0,other,беспроводные,20.0,20.0,other,вставные,закрытые,да,43.0,12.0,24.0,Китай,да,да,нет,нет
923,7990.0,other,беспроводные,20.0,20.0,other,вставные,закрытые,да,0.0,12.0,24.0,Китай,да,да,нет,нет
924,12490.0,other,беспроводные,20.0,20.0,белый,вставные,закрытые,да,39.0,12.0,24.0,other,да,да,нет,нет
927,21090.0,other,беспроводные,20.0,20.0,не указано,вставные,закрытые,да,0.0,12.0,24.0,Китай,да,нет,нет,нет
929,34890.0,other,беспроводные,20.0,20.0,не указано,вставные,закрытые,да,50.0,12.0,24.0,Китай,да,да,да,нет
932,990.0,other,беспроводные,20.0,20.0,белый,вставные,закрытые,да,42.0,12.0,24.0,other,да,да,нет,нет
933,131000.0,other,проводные,10.0,50.0,черный,полноразмерные,открытые,да,454.0,12.0,24.0,США,да,нет,нет,нет
936,7990.0,other,беспроводные,20.0,20.0,other,накладные,закрытые,нет,0.0,12.0,24.0,other,да,нет,нет,нет
937,11490.0,other,проводные,22.0,17.5,черный,вставные,закрытые,да,30.0,12.0,24.0,США,да,нет,нет,нет
938,5990.0,other,проводные,20.0,20.0,other,вставные,закрытые,нет,0.0,12.0,24.0,Китай,нет,нет,нет,нет
939,34890.0,other,беспроводные,20.0,20.0,не указано,вставные,закрытые,да,50.0,12.0,24.0,Китай,да,да,да,нет
942,6990.0,other,беспроводные,20.0,20.0,черный,полноразмерные,закрытые,нет,245.0,12.0,24.0,other,нет,нет,нет,нет
943,54990.0,other,проводные,8.0,41.0,черный,полноразмерные,открытые,да,260.0,12.0,24.0,Китай,нет,нет,нет,нет
944,34841.0,other,беспроводные,20.0,20.0,не указано,вставные,закрытые,да,50.0,12.0,24.0,Китай,да,да,да,нет
945,54000.0,other,беспроводные,20.0,20.0,черный,вставные,закрытые,да,6.0,12.0,24.0,США,да,да,нет,нет
946,180000.0,other,беспроводные,10.0,40.0,other,полноразмерные,закрытые,да,375.0,12.0,24.0,other,да,да,нет,нет
948,24990.0,other,беспроводные,5.0,40.0,черный,полноразмерные,закрытые,да,270.0,12.0,24.0,не указано,да,нет,нет,да
949,179990.0,other,проводные,20.0,30.0,не указано,вставные,закрытые,да,0.0,12.0,24.0,не указано,нет,нет,нет,нет
952,21390.0,other,беспроводные,20.0,20.0,other,вставные,закрытые,да,46.5,12.0,24.0,не указано,да,да,да,нет
954,39990.0,other,проводные,20.0,25.0,other,вставные,закрытые,нет,0.0,36.0,48.0,other,нет,нет,нет,нет
955,36490.0,other,беспроводные,20.0,20.0,other,вставные,закрытые,да,0.0,12.0,24.0,Китай,да,да,нет,нет
956,4990.0,other,беспроводные,20.0,20.0,черный,вставные,закрытые,да,34.0,12.0,24.0,не указано,да,да,да,нет
957,21390.0,other,беспроводные,20.0,20.0,other,вставные,закрытые,да,0.0,12.0,24.0,Китай,да,да,да,нет
958,33990.0,other,беспроводные,20.0,20.0,other,полноразмерные,закрытые,да,235.0,12.0,24.0,Китай,да,да,нет,да
959,599900.0,other,проводные,5.0,50.0,черный,полноразмерные,открытые,да,490.0,12.0,24.0,other,нет,нет,нет,нет
961,1790.0,other,проводные,5.0,45.0,other,вставные,закрытые,да,7.0,12.0,24.0,Китай,нет,нет,нет,нет
962,30990.0,other,проводные,5.0,20.0,other,вставные,закрытые,да,0.0,12.0,24.0,Китай,нет,нет,нет,нет
963,21190.0,other,беспроводные,10.0,35.0,белый,вставные,закрытые,нет,83.0,12.0,24.0,Китай,да,да,нет,нет
966,19990.0,other,беспроводные,20.0,20.0,белый,вставные,закрытые,да,46.5,12.0,24.0,не указано,да,да,да,нет
968,23190.0,other,беспроводные,20.0,40.0,черный,вставные,закрытые,да,5.0,12.0,24.0,other,да,да,да,нет
969,2990.0,other,беспроводные,20.0,20.0,черный,вставные,закрытые,да,2.9,12.0,24.0,Китай,да,да,нет,нет
970,30190.0,other,беспроводные,20.0,20.0,черный,вставные,закрытые,да,50.0,12.0,24.0,Китай,да,да,да,нет
971,3990.0,other,беспроводные,20.0,20.0,белый,вставные,закрытые,да,0.0,12.0,24.0,не указано,да,да,нет,нет
972,1290.0,other,проводные,4.0,43.0,other,вставные,закрытые,да,0.0,12.0,24.0,Китай,да,нет,нет,нет
973,3990.0,other,беспроводные,20.0,20.0,белый,вставные,закрытые,да,35.0,12.0,24.0,other,да,нет,нет,нет
974,115990.0,other,проводные,20.0,20.0,черный,вставные,закрытые,да,0.0,12.0,24.0,США,нет,нет,нет,нет
975,1890.0,other,беспроводные,20.0,20.0,не указано,вставные,полуоткрытые,да,3.3,12.0,24.0,Китай,да,да,нет,нет
976,11990.0,other,проводные,20.0,20.0,черный,вставные,закрытые,да,31.0,12.0,24.0,не указано,нет,нет,нет,нет
977,64990.0,other,беспроводные,20.0,40.0,other,вставные,закрытые,да,0.0,12.0,24.0,США,да,да,нет,нет
978,17990.0,other,беспроводные,20.0,20.0,белый,вставные,закрытые,да,7.0,12.0,24.0,Китай,да,да,нет,нет
979,2990.0,other,беспроводные,20.0,20.0,белый,вставные,закрытые,да,35.0,12.0,24.0,other,да,нет,нет,нет
980,45890.0,other,проводные,8.0,40.0,не указано,вставные,закрытые,да,10.0,12.0,24.0,Китай,нет,нет,нет,нет
982,7290.0,other,беспроводные,16.0,40.0,белый,вставные,закрытые,да,0.0,12.0,24.0,Китай,да,да,нет,нет
984,14950.0,other,проводные,20.0,40.0,черный,вставные,закрытые,да,21.0,12.0,24.0,Китай,да,нет,нет,нет
988,49990.0,other,проводные,20.0,24.0,other,вставные,закрытые,да,0.0,36.0,48.0,other,нет,нет,нет,нет
989,66580.0,other,проводные,5.0,50.0,не указано,вставные,закрытые,да,0.0,12.0,24.0,Китай,нет,нет,нет,нет
990,62990.0,other,беспроводные,20.0,20.0,other,полноразмерные,закрытые,да,384.0,12.0,24.0,не указано,да,да,нет,нет
991,2290.0,other,проводные,10.0,24.0,черный,накладные,закрытые,нет,125.0,12.0,24.0,не указано,да,нет,нет,да
992,89000.0,other,проводные,20.0,20.0,черный,вставные,закрытые,да,0.0,12.0,24.0,Китай,нет,нет,нет,нет
993,16990.0,other,беспроводные,20.0,20.0,other,вставные,полуоткрытые,да,7.0,12.0,24.0,США,да,да,нет,нет
994,129590.0,other,проводные,5.0,20.0,other,вставные,закрытые,да,0.0,12.0,24.0,не указано,нет,нет,нет,нет
996,29990.0,other,беспроводные,20.0,20.0,белый,вставные,полуоткрытые,да,0.0,12.0,24.0,Китай,да,да,да,нет
999,26090.0,other,беспроводные,20.0,20.0,other,вставные,закрытые,да,0.0,12.0,24.0,Китай,да,да,да,нет
1000,2490.0,other,беспроводные,20.0,20.0,белый,вставные,закрытые,да,0.0,12.0,24.0,Китай,да,нет,нет,нет
1002,24990.0,other,беспроводные,20.0,20.0,черный,вставные,закрытые,да,6.0,12.0,24.0,other,да,нет,нет,нет
1003,599990.0,other,проводные,5.0,30.0,черный,полноразмерные,открытые,да,640.0,12.0,24.0,США,нет,нет,нет,нет
1006,2490.0,other,беспроводные,20.0,20.0,черный,вставные,закрытые,да,33.0,12.0,24.0,Китай,да,да,нет,нет
1007,2190.0,other,проводные,20.0,40.0,черный,вставные,закрытые,нет,5.0,12.0,24.0,Китай,да,нет,нет,нет
1008,21590.0,other,проводные,5.0,35.0,черный,полноразмерные,закрытые,нет,300.0,12.0,24.0,не указано,нет,нет,нет,нет
1009,14990.0,other,беспроводные,20.0,20.0,other,вставные,полуоткрытые,да,42.0,12.0,24.0,Китай,да,да,нет,нет
1010,14990.0,other,беспроводные,20.0,20.0,other,вставные,закрытые,да,0.0,12.0,24.0,не указано,да,да,нет,нет
1011,34890.0,other,беспроводные,20.0,20.0,не указано,вставные,закрытые,да,50.0,12.0,24.0,Китай,да,да,да,нет
1012,185000.0,other,проводные,10.0,50.0,черный,полноразмерные,закрытые,да,677.0,12.0,24.0,не указано,нет,нет,нет,нет
1013,27990.0,other,беспроводные,20.0,40.0,other,вставные,закрытые,да,39.0,12.0,24.0,other,да,да,да,нет
1016,344990.0,other,проводные,20.0,50.0,не указано,вставные,закрытые,да,7.8,12.0,24.0,не указано,нет,нет,нет,нет
1017,34890.0,other,беспроводные,20.0,20.0,не указано,вставные,закрытые,да,50.0,12.0,24.0,Китай,да,да,да,нет
1019,490.0,other,проводные,20.0,20.0,черный,накладные,закрытые,нет,0.0,12.0,24.0,не указано,нет,нет,нет,нет
1020,28790.0,other,беспроводные,20.0,20.0,other,вставные,закрытые,да,50.0,12.0,24.0,Китай,да,да,да,нет
1021,7990.0,other,беспроводные,20.0,20.0,черный,вставные,закрытые,да,0.0,12.0,24.0,Китай,да,да,нет,нет
1023,10090.0,other,проводные,20.0,20.0,черный,вставные,открытые,нет,3.9,12.0,24.0,Китай,нет,нет,нет,нет
1024,109990.0,other,проводные,10.0,28.0,черный,вставные,закрытые,да,0.0,12.0,24.0,США,нет,нет,нет,нет
1025,40990.0,other,беспроводные,20.0,20.0,other,вставные,закрытые,да,50.0,12.0,24.0,Китай,да,да,да,нет
1026,104990.0,other,проводные,5.0,50.0,черный,вставные,закрытые,да,0.0,12.0,24.0,Китай,нет,нет,нет,нет
1027,7990.0,other,беспроводные,20.0,20.0,черный,вставные,закрытые,да,0.0,12.0,24.0,Китай,да,да,нет,нет
1028,89990.0,other,проводные,4.0,46.5,other,вставные,закрытые,да,6.0,12.0,24.0,не указано,нет,нет,нет,нет
1029,15990.0,other,проводные,20.0,40.0,не указано,вставные,закрытые,да,0.0,12.0,24.0,Китай,нет,нет,нет,нет
1031,23190.0,other,беспроводные,20.0,40.0,other,вставные,закрытые,да,5.0,12.0,24.0,other,да,да,да,нет
1032,8490.0,other,беспроводные,20.0,20.0,белый,полноразмерные,закрытые,да,0.0,24.0,36.0,не указано,да,да,нет,да
1033,10990.0,other,беспроводные,20.0,20.0,черный,вставные,закрытые,да,50.0,12.0,24.0,other,да,да,да,нет
1036,209990.0,other,проводные,20.0,20.0,не указано,полноразмерные,открытые,да,330.0,24.0,36.0,США,нет,нет,нет,нет
1037,3490.0,other,беспроводные,20.0,20.0,черный,вставные,закрытые,да,15.0,12.0,24.0,Китай,да,да,нет,нет
1038,1590.0,other,проводные,20.0,40.0,other,вставные,закрытые,нет,4.0,2.0,24.0,Китай,да,нет,нет,нет
1039,5290.0,other,беспроводные,5.0,20.0,черный,вставные,закрытые,да,0.0,12.0,24.0,Китай,да,да,нет,нет
1040,13590.0,other,проводные,8.0,40.0,черный,вставные,закрытые,да,7.0,12.0,24.0,Китай,нет,нет,нет,нет
1041,41950.0,other,проводные,5.0,40.0,черный,полноразмерные,открытые,нет,318.0,12.0,24.0,other,нет,нет,нет,нет
1042,486290.0,other,проводные,3.0,112.0,не указано,полноразмерные,открытые,да,430.0,24.0,36.0,не указано,нет,нет,нет,нет
1043,72000.0,other,беспроводные,20.0,22.0,черный,полноразмерные,закрытые,да,282.0,12.0,24.0,США,да,да,нет,да
1045,2490.0,other,беспроводные,20.0,20.0,черный,накладные,закрытые,нет,230.0,12.0,24.0,Китай,да,да,нет,да
1047,2390.0,other,беспроводные,20.0,20.0,черный,вставные,закрытые,да,53.0,12.0,24.0,не указано,да,да,нет,нет
1048,17990.0,other,беспроводные,20.0,20.0,черный,полноразмерные,закрытые,нет,282.0,12.0,24.0,Китай,да,да,нет,нет
1049,40990.0,other,беспроводные,20.0,20.0,other,вставные,закрытые,да,50.0,12.0,24.0,Китай,да,да,да,нет
1050,2990.0,other,беспроводные,20.0,20.0,белый,вставные,закрытые,да,20.0,12.0,24.0,Китай,да,да,нет,нет
1051,59990.0,other,проводные,20.0,20.0,черный,вставные,закрытые,да,0.0,12.0,24.0,Китай,нет,нет,нет,нет
1052,3990.0,other,беспроводные,20.0,20.0,черный,вставные,полуоткрытые,да,2.7,12.0,24.0,Китай,да,да,нет,нет
1053,27490.0,other,беспроводные,20.0,20.0,other,вставные,закрытые,да,46.0,12.0,24.0,не указано,да,да,да,нет
1054,44990.0,other,беспроводные,5.0,50.0,черный,полноразмерные,закрытые,да,287.0,12.0,24.0,не указано,да,нет,нет,да
1055,499990.0,other,проводные,35.0,20.0,other,полноразмерные,открытые,да,360.0,12.0,24.0,other,нет,нет,нет,да
1056,6490.0,other,беспроводные,20.0,20.0,белый,вставные,закрытые,да,33.0,12.0,24.0,не указано,да,да,нет,нет
1057,12950.0,other,беспроводные,20.0,40.0,other,полноразмерные,закрытые,да,0.0,12.0,24.0,не указано,да,да,нет,нет
1058,117000.0,other,проводные,10.0,50.0,черный,полноразмерные,открытые,да,544.0,12.0,24.0,США,нет,нет,нет,нет
1059,329990.0,other,проводные,10.0,25.0,не указано,полноразмерные,закрытые,да,530.0,12.0,24.0,США,нет,нет,нет,нет
1060,14990.0,other,беспроводные,20.0,20.0,other,вставные,закрытые,да,38.0,12.0,24.0,не указано,да,нет,нет,нет
1061,9290.0,other,проводные,5.0,40.0,черный,вставные,открытые,да,30.0,12.0,24.0,Китай,нет,нет,нет,нет
1063,28790.0,other,беспроводные,20.0,20.0,other,вставные,закрытые,да,50.0,12.0,24.0,Китай,да,да,да,нет
1067,6990.0,other,беспроводные,16.0,40.0,other,полноразмерные,закрытые,нет,441.0,12.0,24.0,Китай,да,да,нет,да
1068,9990.0,other,беспроводные,20.0,20.0,other,полноразмерные,закрытые,нет,232.0,12.0,24.0,Китай,да,да,нет,да
1069,21090.0,other,беспроводные,20.0,20.0,other,вставные,закрытые,да,0.0,12.0,24.0,Китай,да,нет,нет,нет
1070,30190.0,other,беспроводные,20.0,20.0,other,вставные,закрытые,да,50.0,12.0,24.0,Китай,да,да,да,нет
1071,7990.0,other,беспроводные,15.0,40.0,other,вставные,закрытые,нет,34.0,12.0,24.0,Китай,да,да,нет,да
1072,344990.0,other,проводные,20.0,20.0,не указано,вставные,закрытые,да,0.0,12.0,24.0,США,нет,нет,нет,нет
1073,2890.0,other,проводные,20.0,40.0,не указано,полноразмерные,закрытые,да,232.0,12.0,24.0,Китай,нет,нет,нет,нет
1074,3490.0,other,беспроводные,20.0,20.0,other,вставные,закрытые,да,15.0,12.0,24.0,Китай,да,да,нет,нет
1075,42490.0,other,проводные,10.0,30.0,other,вставные,закрытые,да,8.0,12.0,24.0,Китай,нет,нет,нет,нет
1076,37990.0,other,беспроводные,20.0,20.0,черный,полноразмерные,закрытые,да,250.0,12.0,24.0,не указано,да,да,нет,нет
1077,2690.0,other,проводные,10.0,24.0,черный,полноразмерные,закрытые,да,200.0,12.0,24.0,не указано,нет,нет,нет,да
1078,39990.0,other,беспроводные,20.0,20.0,белый,накладные,закрытые,да,330.0,12.0,24.0,Китай,да,да,нет,нет
1079,23990.0,other,беспроводные,5.0,21.0,черный,вставные,закрытые,да,10.0,12.0,24.0,other,да,да,нет,нет
1080,12990.0,other,беспроводные,20.0,20.0,other,вставные,закрытые,да,7.0,24.0,36.0,Китай,да,да,да,нет
1081,15090.0,other,проводные,20.0,20.0,черный,вставные,закрытые,нет,3.4,12.0,24.0,не указано,нет,нет,нет,нет
1082,9990.0,other,беспроводные,14.0,40.0,белый,вставные,закрытые,да,5.4,12.0,24.0,Китай,да,да,нет,нет
1083,21390.0,other,беспроводные,20.0,20.0,other,вставные,закрытые,да,46.0,12.0,24.0,не указано,да,нет,нет,нет
1084,39990.0,other,беспроводные,20.0,20.0,черный,полноразмерные,закрытые,да,250.0,12.0,24.0,Китай,да,да,нет,да
1085,28790.0,other,беспроводные,20.0,20.0,other,вставные,закрытые,да,50.0,12.0,24.0,Китай,да,да,да,нет
1086,12990.0,other,беспроводные,20.0,20.0,other,накладные,открытые,да,29.0,24.0,36.0,не указано,да,нет,нет,нет
1087,36430.0,other,проводные,20.0,20.0,other,вставные,закрытые,да,0.0,12.0,24.0,Китай,нет,нет,нет,нет
1088,20490.0,other,беспроводные,20.0,20.0,белый,вставные,закрытые,да,13.0,12.0,24.0,Китай,нет,да,нет,нет
1089,297880.0,other,проводные,20.0,20.0,черный,полноразмерные,закрытые,да,380.0,24.0,36.0,США,нет,нет,нет,нет
1090,116390.0,other,проводные,5.0,20.0,other,вставные,закрытые,да,35.0,12.0,24.0,США,нет,нет,нет,нет
1091,34890.0,other,беспроводные,20.0,20.0,не указано,вставные,закрытые,да,50.0,12.0,24.0,Китай,да,да,да,нет
1092,49990.0,other,проводные,20.0,20.0,other,вставные,закрытые,да,28.0,12.0,24.0,other,нет,нет,нет,нет
1093,10290.0,other,проводные,10.0,40.0,other,вставные,закрытые,нет,6.5,12.0,24.0,Китай,нет,нет,нет,нет
1094,4490.0,other,беспроводные,20.0,40.0,черный,полноразмерные,закрытые,нет,260.0,12.0,24.0,Китай,да,да,нет,нет
1095,30390.0,other,проводные,15.0,35.0,не указано,полноразмерные,полуоткрытые,да,380.0,12.0,24.0,не указано,нет,нет,нет,нет
